,nav,bench
2016-01-04,1.0,1.0
2016-01-05,1.0163820342129064,0.9828003786052675
2016-01-06,1.0346273674964006,1.0141735870244684
2016-01-07,0.9674407236920644,0.9213119914776825
2016-01-08,0.9693148504671175,0.93460063578299
2016-01-11,0.9226731344801776,0.8633040010529189
2016-01-12,0.9276386981734281,0.8616019550802141
2016-01-13,0.9286797720636488,0.8268430341540544
2016-01-14,0.9474511979969799,0.8568464747535831
2016-01-15,0.9307030688117046,0.8198159770193295
2016-01-18,0.9331126156962487,0.8357299583279182
2016-01-19,0.9641775138507465,0.8730890909079503
2016-01-20,0.9655180188943757,0.8671425930935039
2016-01-21,0.9497925434896985,0.828202644105666
2016-01-22,0.9764014793715531,0.8439087312967982
2016-01-25,0.9943298134522597,0.8577027040472035
2016-01-26,0.9450592295952388,0.7881655114189109
2016-01-27,0.9369744424606287,0.7778397249047583
2016-01-28,0.9205484304920165,0.7402904304876751
2016-01-29,0.9195985465364287,0.7705835558839566
2016-02-01,0.9195985465364287,0.7594960181543081
2016-02-02,0.9477956805156129,0.7885917304692285
2016-02-03,0.9569071952082766,0.7934340806250795
2016-02-04,0.9912894191282229,0.8136439507649312
2016-02-05,0.988184349370104,0.8060249398614571
2016-02-15,0.9859452187750563,0.805223314181094
2016-02-16,1.0095800334043699,0.8422091160638912
2016-02-17,1.020830831653016,0.8560436125442521
2016-02-18,1.0166395631982825,0.8563629202436167
2016-02-19,1.0238179937864609,0.8605395721377712
2016-02-22,1.0379586082614074,0.8827262154980453
2016-02-23,1.0363136083225688,0.8792635459832187
2016-02-24,1.0483247647222764,0.8854019006634306
2016-02-25,1.002042612527845,0.8089370744509522
2016-02-26,1.0015976944899583,0.8106197759685674
2016-02-29,0.9641034043968774,0.760332710539624
2016-03-01,0.9874851340258716,0.7798890515440867
2016-03-02,1.0263525798558542,0.8245875516085474
2016-03-03,1.0308399939066903,0.8276194627030096
2016-03-04,1.0005178225044333,0.8013013634040661
2016-03-07,1.0310409951621902,0.8230281265637879
2016-03-08,1.0381008261104072,0.828000434155955
2016-03-09,1.0235592277865448,0.8063217292117124
2016-03-10,1.0101092107410892,0.7913986355439675
2016-03-11,1.0177599929327816,0.7903394589886045
2016-03-14,1.0375873166370382,0.8208310963562829
2016-03-15,1.0439368260091302,0.814961906414264
2016-03-16,1.0568732465472608,0.8069577933584301
2016-03-17,1.07114739684887,0.8348864824425779
2016-03-18,1.086511239168364,0.8672787492211786
2016-03-21,1.1022610078418926,0.8931551248672218
2016-03-22,1.1035200508290177,0.8904892811095507
2016-03-23,1.1056203047467896,0.8998409443681923
2016-03-24,1.0969125526536465,0.8855286157000867
2016-03-25,1.105463125596941,0.8944061559371597
2016-03-28,1.0973735293996476,0.8899666725417538
2016-03-29,1.0811310948026744,0.8712035494119142
2016-03-30,1.1020059644557487,0.904895554557461
2016-03-31,1.1142063509248759,0.9093272954123516
2016-04-01,1.1090548849540418,0.9072812478904582
2016-04-05,1.1090548849540418,0.9337221691078755
2016-04-06,1.1090548849540418,0.9392836935961871
2016-04-07,1.1090548849540418,0.92418417681049
2016-04-08,1.1090548849540418,0.9169274154253721
2016-04-11,1.1090548849540418,0.9395867833794491
2016-04-12,1.1090548849540418,0.9341596086680293
2016-04-13,1.1090548849540418,0.9487238634236151
2016-04-14,1.1090548849540418,0.9612689326957516
2016-04-15,1.1090548849540418,0.9623674915051107
2016-04-18,1.1090548849540418,0.9479591443451099
2016-04-19,1.1090548849540418,0.9529540736917567
2016-04-20,1.1090548849540418,0.9065303442806442
2016-04-21,1.1090548849540418,0.8969016076543452
2016-04-22,1.1090548849540418,0.9050290559586173
2016-04-25,1.1133497369862562,0.901965444006258
2016-04-26,1.1133497369862562,0.9142818122920616
2016-04-27,1.1133497369862562,0.9125592838518459
2016-04-28,1.1133497369862562,0.9086045007422177
2016-04-29,1.1133497369862562,0.9091758841590186
2016-05-03,1.1378257773476463,0.9371764981257614
2016-05-04,1.1366900663949644,0.9387716965852814
2016-05-05,1.141150783258336,0.9451343685883566
2016-05-06,1.0887936150977997,0.9052213699540346
2016-05-09,1.0292727089729306,0.8642060067024794
2016-05-10,1.027095016094588,0.8627747605853772
2016-05-11,1.0241530181200804,0.8571968731532444
2016-05-12,1.0238716379494592,0.853328844209244
2016-05-13,1.0217779803692382,0.8512961910061905
2016-05-16,1.0264919042484175,0.8683689319861833
2016-05-17,1.0230828825394322,0.8665144166701448
2016-05-18,0.9892476213857152,0.838214315126275
2016-05-19,0.9907949034573351,0.8427051487185098
2016-05-20,0.998152438932256,0.8530297213022108
2016-05-23,1.0135477233735086,0.8673274819290462
2016-05-24,1.01579484309696,0.8584484563004868
2016-05-25,1.0131073975975,0.8565674775130988
2016-05-26,1.017993254172606,0.860530318176119
2016-05-27,1.0211294195874514,0.8617733912313889
2016-05-30,1.0189390147613904,0.8576907268685642
2016-05-31,1.0458944058476904,0.8947337591607801
2016-06-01,1.0495255913875707,0.9011787687329348
2016-06-02,1.0542592866213532,0.9112493872757937
2016-06-03,1.0580022367265078,0.9151049158103516
2016-06-06,1.0644311160362474,0.9181314642153064
2016-06-07,1.0602230292627932,0.9209084809616758
2016-06-08,1.0603666691297042,0.9180777478370401
2016-06-13,1.014003544672196,0.8715043761601374
2016-06-14,1.0181999783942997,0.8751745026255434
2016-06-15,1.0434174375654213,0.905103107328611
2016-06-16,1.0408754604305617,0.9045504713937417
2016-06-17,1.0505853886530698,0.9119672368331345
2016-06-20,1.044349955955153,0.9143155927899472
2016-06-21,1.044725805934944,0.9059528634991593
2016-06-22,1.0570937307021862,0.9209462902438081
2016-06-23,1.0519950766202535,0.9178802021984824
2016-06-24,1.04819722521847,0.9078260845943187
2016-06-27,1.0623035069631421,0.9297574882101415
2016-06-28,1.0711894934391089,0.9413639996888361
2016-06-29,1.0668957726864814,0.945577345156
2016-06-30,1.071481655648337,0.9456436193862864
2016-07-01,1.0681672124467545,0.9454971895048588
2016-07-04,1.0799405430690856,0.9654159080946922
2016-07-05,1.0846132042435903,0.9730404070927384
2016-07-06,1.0959766632412737,0.9800451273813112
2016-07-07,1.1025647859366352,0.9825956294746588
2016-07-08,1.1043979092365122,0.9801316175088419
2016-07-11,1.0978988256608704,0.977631281620972
2016-07-12,1.1023429351621712,0.9902163487265774
2016-07-13,1.1103149623700144,0.9975593398103973
2016-07-14,1.112766860130806,0.9997063782249669
2016-07-15,1.1107118291377658,0.9977417505867006
2016-07-18,1.1091459653934808,0.9930648867340824
2016-07-19,1.1113519217012469,0.9971088599860836
2016-07-20,1.1152170809970852,0.9980985436008389
2016-07-21,1.1194924683735314,1.000773538327389
2016-07-22,1.1163647256059035,0.9910275909267964
2016-07-25,1.1150548271393061,0.9935108366244977
2016-07-26,1.1372802220780132,1.0072793833749516
2016-07-27,1.1036578730480457,0.9625128241428542
2016-07-28,1.0947431549816968,0.9629276269058696
2016-07-29,1.0910794709630358,0.9566509045562953
2016-08-01,1.0720711703970032,0.9398397984240664
2016-08-02,1.0847121202877699,0.9500962478547692
2016-08-03,1.0923475951616857,0.9572290533980617
2016-08-04,1.0986727859169232,0.9629577514347852
2016-08-05,1.097259757360354,0.9589537883531218
2016-08-08,1.1018545599577951,0.9710613088374075
2016-08-09,1.1079289908216432,0.9808695647536421
2016-08-10,1.1079053268477899,0.9788141606679457
2016-08-11,1.095721577227624,0.9643733644566734
2016-08-12,1.1085478784947447,0.9763780671159372
2016-08-15,1.1212172430244192,0.9989830312845528
2016-08-16,1.1216840839088011,1.0063016851079767
2016-08-17,1.125354769858967,1.0111163729380115
2016-08-18,1.1253099776119655,1.0123988472845151
2016-08-19,1.1369530516279736,1.0143845576827715
2016-08-22,1.1315490679141107,1.0036252251295683
2016-08-23,1.1343237523825704,1.0064746821815673
2016-08-24,1.1401839465941492,1.0090021257271358
2016-08-25,1.1360672428409273,1.0023591135716636
2016-08-26,1.1397285426765194,1.0067210836684481
2016-08-29,1.145008535991734,1.0102468125682336
2016-08-30,1.144714536988157,1.0110079540884531
2016-08-31,1.1470761576928443,1.013382474464879
2016-09-01,1.1414459366483327,1.0060370959834046
2016-09-02,1.1474266611100323,1.0035650090346129
2016-09-05,1.1618270861676532,1.0094796893801954
2016-09-06,1.1841490275142195,1.0242197469792684
2016-09-07,1.1811139006504652,1.025583338636461
2016-09-08,1.1871217089230637,1.0306723108899716
2016-09-09,1.1811834638676155,1.024383345945447
2016-09-12,1.1619929427196654,0.9933502326228054
2016-09-13,1.1717691774742949,1.0024372911449215
2016-09-14,1.1757019350469238,0.9979125108627002
2016-09-19,1.1951293208529317,1.011015423608264
2016-09-20,1.1981393561858527,1.012072568592106
2016-09-21,1.2083380165142557,1.0148730034871984
2016-09-22,1.2105643543883073,1.0213481405703864
2016-09-23,1.2185694404906318,1.0182783291484419
2016-09-26,1.186434288088787,0.9945149397831219
2016-09-27,1.187175084203167,1.002427719319197
2016-09-28,1.1901707745597534,1.001289153085596
2016-09-29,1.1978488125028863,1.0057014749918616
2016-09-30,1.207034188500269,1.0109644889303746
2016-10-10,1.221186343016373,1.0310741787881632
2016-10-11,1.238544927083876,1.0400550650712046
2016-10-12,1.235315991657376,1.0416861360580318
2016-10-13,1.2423666864795835,1.0443261116668958
2016-10-14,1.2436547507437457,1.0439151683203372
2016-10-17,1.2296731464365165,1.0348659097182975
2016-10-18,1.2420947118943402,1.0521785164025979
2016-10-19,1.2420291684547156,1.0535472672854482
2016-10-20,1.2422342398891937,1.0556612344625498
2016-10-21,1.2459863627795527,1.052369227018671
2016-10-24,1.2471649461897045,1.0628559283663157
2016-10-25,1.2466365187395285,1.0692499317999198
2016-10-26,1.2466786230261586,1.0656753095283356
2016-10-27,1.249037665638332,1.0667087643568702
2016-10-28,1.2306005937521955,1.0571483366294296
2016-10-31,1.230845104815496,1.0572245685391553
2016-11-01,1.2456301732102026,1.0704725316009436
2016-11-02,1.2444793920499222,1.0656182951955175
2016-11-03,1.2489446122353798,1.073930563194994
2016-11-04,1.2526460294895574,1.0734761780241349
2016-11-07,1.2602180403101286,1.0762893047346596
2016-11-08,1.2696920064698887,1.0839241844510474
2016-11-09,1.265409686392855,1.0780388215974608
2016-11-10,1.2828452918898805,1.0970024508904024
2016-11-11,1.2928293427211521,1.1044919809282148
2016-11-14,1.3030658014678305,1.1088869277665887
2016-11-15,1.3050268922621533,1.113956223101151
2016-11-16,1.3042442340146028,1.1140086829961324
2016-11-17,1.2966027151842041,1.113058303583357
2016-11-18,1.2962389934764174,1.1099890123448588
2016-11-21,1.3049985807348279,1.1165025018160284
2016-11-22,1.3099937217178133,1.1276294233710222
2016-11-23,1.305558956791798,1.1208865728106294
2016-11-24,1.298919178091301,1.116811653764158
2016-11-25,1.2952443761922001,1.1190944554588849
2016-11-28,1.2923321669008125,1.1198046842138454
2016-11-29,1.2684015201859964,1.107254008583288
2016-11-30,1.2638788667079173,1.1015508998579353
2016-12-01,1.2734544086888977,1.1101540743726024
2016-12-02,1.2552702211805924,1.091602348771594
2016-12-05,1.249684244114158,1.0843088321616927
2016-12-06,1.257548049007235,1.0890130146312578
2016-12-07,1.269402342831397,1.1029694543933126
2016-12-08,1.2619334843963954,1.098207874163958
2016-12-09,1.2614203680929765,1.095830867745086
2016-12-12,1.2030481406951357,1.0412727383536102
2016-12-13,1.2088163754126415,1.0481636057550792
2016-12-14,1.2135961330496334,1.0446371147778204
2016-12-15,1.223305260110299,1.0552663453074111
2016-12-16,1.241896473881566,1.0666298638157958
2016-12-19,1.2440877987756433,1.0682552583496825
2016-12-20,1.2675974229569051,1.0669992629678047
2016-12-21,1.271073408739091,1.0777406619154204
2016-12-22,1.2676694936855106,1.0786703545677117
2016-12-23,1.2774652540449016,1.0642264616081976
2016-12-26,1.281633436347314,1.0692763879814797
2016-12-27,1.3124126955226114,1.072792211842848
2016-12-28,1.3113642048199015,1.0694076279757159
2016-12-29,1.3112117971173998,1.0667833659760133
2016-12-30,1.3130978903612296,1.068415921480271
2017-01-03,1.3321218694938584,1.0812515300624546
2017-01-04,1.3359305560446555,1.093894436303001
2017-01-05,1.340350338260579,1.095425078622229
2017-01-06,1.3298024516639497,1.08786974335069
2017-01-09,1.332024424661027,1.0950500779235666
2017-01-10,1.3328644473076043,1.0926206265539846
2017-01-11,1.3059653835570664,1.079865424777536
2017-01-12,1.2983279685776508,1.0695461046472121
2017-01-13,1.2721344357475364,1.0518458584718693
2017-01-16,1.2337949680845257,1.0134394294358122
2017-01-17,1.240979622753872,1.0247078347818628
2017-01-18,1.235850001894575,1.02283738086542
2017-01-19,1.2352363386716299,1.018612605807156
2017-01-20,1.2467670837143947,1.035325483657449
2017-01-23,1.2532741298514924,1.0465496836244794
2017-01-24,1.2481378906483482,1.0442200120905474
2017-01-25,1.2520284389275276,1.0479458447556358
2017-01-26,1.2585322462841328,1.0548086798445417
2017-02-03,1.253593907680319,1.0524408415625828
2017-02-06,1.2648750761058614,1.0656967989675603
2017-02-07,1.2688683675478771,1.0683244057405215
2017-02-08,1.2726546235609233,1.0773898371338322
2017-02-09,1.2781073943814976,1.0868038439421035
2017-02-10,1.2733234646358527,1.0870848573913272
2017-02-13,1.276775775496336,1.0961587956043601
2017-02-14,1.2762817570174558,1.0977074100592443
2017-02-15,1.2643959981477642,1.089784206503679
2017-02-16,1.2726099412230305,1.0990202587789766
2017-02-17,1.2642478346741637,1.0893455849162643
2017-02-20,1.267353269218158,1.0995693875520338
2017-02-21,1.2741134771208371,1.110061140675199
2017-02-22,1.2761753936848268,1.115720968514716
2017-02-23,1.2769381508693967,1.1154759475167055
2017-02-24,1.2873467837185497,1.119634531958849
2017-02-27,1.278926571005059,1.1112163017119536
2017-02-28,1.2845365818069086,1.117550790894242
2017-03-01,1.292718969540866,1.121326062485458
2017-03-02,1.2852350221916153,1.1151309214724987
2017-03-03,1.2859613781976562,1.1160126285282934
2017-03-06,1.2938341823303778,1.1295294842456487
2017-03-07,1.2971070067804398,1.1336954257931389
2017-03-08,1.2976671398430726,1.1307112063374694
2017-03-09,1.2916205676981738,1.1214236840761713
2017-03-10,1.2896878176288218,1.122358576024978
2017-03-13,1.2835169170736964,1.1315018256807707
2017-03-14,1.2826049619810553,1.1309125679915357
2017-03-15,1.2768693784438971,1.1306410312240436
2017-03-16,1.288933974763276,1.1450830582841531
2017-03-17,1.2869985786655727,1.1355862050537169
2017-03-20,1.2924214849412046,1.1418807922730387
2017-03-21,1.2905068472339145,1.1460225791750178
2017-03-22,1.283937493293462,1.141861076216754
2017-03-23,1.2793893780749506,1.1420700633895817
2017-03-24,1.2736690987660424,1.1472568285583113
2017-03-27,1.2739891164319845,1.1461980923944297
2017-03-28,1.2746935416290728,1.14236651021641
2017-03-29,1.259313798541603,1.1332165885058048
2017-03-30,1.2318950329570435,1.1092483383179401
2017-03-31,1.2311418398372005,1.1112115739032058
2017-04-05,1.2322692744107309,1.1353081650692936
2017-04-06,1.2322692744107309,1.1402363128720006
2017-04-07,1.2322692744107309,1.140814352555652
2017-04-10,1.2322692744107309,1.1286882775345428
2017-04-11,1.2322692744107309,1.139655653949257
2017-04-12,1.2322692744107309,1.1301486446974038
2017-04-13,1.2322692744107309,1.1344441899362494
2017-04-14,1.2322692744107309,1.116804797221594
2017-04-17,1.2322692744107309,1.0960354952621087
2017-04-18,1.2322692744107309,1.0851381439258196
2017-04-19,1.2322692744107309,1.072852240805389
2017-04-20,1.2322692744107309,1.0683326217254252
2017-04-21,1.2322692744107309,1.0628571467633343
2017-04-24,1.2322692744107309,1.0290048962358873
2017-04-25,1.2322692744107309,1.0333805383739145
2017-04-26,1.2322692744107309,1.0380520104793893
2017-04-27,1.2322692744107309,1.0450050835257174
2017-04-28,1.2322692744107309,1.0520561143064109
2017-05-02,1.2331581179653053,1.0526173611468908
2017-05-03,1.2302084173106658,1.0529067196564184
2017-05-04,1.228056395092918,1.0489570024314638
2017-05-05,1.2068642376150405,1.033464992783495
2017-05-08,1.196215617095096,1.0106980382447326
2017-05-09,1.2052538993386501,1.0182468194730137
2017-05-10,1.196643425956384,0.998705632386141
2017-05-11,1.1890035185731958,0.9926812270015508
2017-05-12,1.1851536436561434,0.9929713428738614
2017-05-15,1.1875482705974814,0.9965913136202584
2017-05-16,1.207717517926712,1.0178147587495445
2017-05-17,1.2125640076034383,1.0225332527955797
2017-05-18,1.2145603747928793,1.0153545166506999
2017-05-19,1.210598710540292,1.014834186689256
2017-05-22,1.1837161832251617,0.9926673142326912
2017-05-23,1.1577266760381646,0.9617130828199875
2017-05-24,1.157752012781642,0.9664733452559131
2017-05-25,1.1594147375972872,0.9756341265905479
2017-05-26,1.1600822317486723,0.9778125166122402
2017-05-31,1.157533155189305,0.9767355710827543
2017-06-01,1.1402567037501958,0.9494507969026428
2017-06-02,1.138671531628544,0.9612943299541322
2017-06-05,1.138671531628544,0.970005270869972
2017-06-06,1.1423558543677275,0.9753692143461671
2017-06-07,1.1639548554497756,0.998893194309115
2017-06-08,1.1587633593812814,0.9991823026806952
2017-06-09,1.1603736774198143,1.001118136441284
2017-06-12,1.1339162199653998,0.9849464790308811
2017-06-13,1.1476221953707886,1.0004452538705697
2017-06-14,1.1553833435920442,1.0005683581218274
2017-06-15,1.1762359732334124,1.0132650070518776
2017-06-16,1.1753321242571095,1.0114951156167367
2017-06-19,1.1906028100994352,1.019118196841573
2017-06-20,1.1905621082029814,1.0199798095686148
2017-06-21,1.189301482245404,1.0214964698810107
2017-06-22,1.1716298115635104,1.0043011758740759
2017-06-23,1.1765274682566162,1.005347136539308
2017-06-26,1.1863776053872308,1.019612276032334
2017-06-27,1.1865395997779764,1.0227327809929272
2017-06-28,1.1810018233622857,1.0154704877290792
2017-06-29,1.188072841347962,1.0208540183086947
2017-06-30,1.1928211318900512,1.023961173021346
2017-07-03,1.1996057302237135,1.0325594080755223
2017-07-04,1.1981069784650653,1.0304346848994683
2017-07-05,1.2036385670256993,1.0398696441999755
2017-07-06,1.2025294143971967,1.042054848059258
2017-07-07,1.2094024391379363,1.048168552176084
2017-07-10,1.2036330115610994,1.0425772456613975
2017-07-11,1.2000599570870167,1.0303091979370171
2017-07-12,1.1937139806921238,1.0287582334427396
2017-07-13,1.192360648697972,1.0309851150187812
2017-07-14,1.1873357490032408,1.0270857005531069
2017-07-17,1.1355293430952647,0.9721512586236399
2017-07-18,1.1397082150672153,0.9819625264422654
2017-07-19,1.1479989047549795,0.9988928460796043
2017-07-20,1.1493654778440088,1.0046134308606827
2017-07-21,1.1463380687877154,1.0047605662310968
2017-07-24,1.1482216160714347,1.012258946070242
2017-07-25,1.1517773293588347,1.0096091710034754
2017-07-26,1.148208430990619,1.0096091563033192
2017-07-27,1.161419912229614,1.0206626546541118
2017-07-28,1.1582270434267534,1.0212880338895236
2017-07-31,1.1577648273407253,1.0300475294298397
2017-08-01,1.1564951994073889,1.031246257617727
2017-08-02,1.146628698469331,1.0223932442797359
2017-08-03,1.14987410244373,1.0266910225209647
2017-08-04,1.1441687162873746,1.022854869836867
2017-08-07,1.1462965735443444,1.0314413312305821
2017-08-08,1.1463817119331394,1.033236349866404
2017-08-09,1.1529496857582564,1.0367862673061907
2017-08-10,1.1471855311001113,1.0281091399986706
2017-08-11,1.1487187177599953,1.009786121592971
2017-08-14,1.1576220673230686,1.0275375251531411
2017-08-15,1.1622874715056992,1.0323254138021614
2017-08-16,1.1721876172522567,1.0373518931206187
2017-08-17,1.1900749782983893,1.0466057807117795
2017-08-18,1.190354284050014,1.0444797253747262
2017-08-21,1.2109814042740235,1.0544169764898679
2017-08-22,1.2028492049884243,1.0497622253264876
2017-08-23,1.2027094343880287,1.0450079273750708
2017-08-24,1.1982199643392935,1.0389664789217385
2017-08-25,1.2035455016236392,1.0521982651750843
2017-08-28,1.2114747981014025,1.066524586251093
2017-08-29,1.2153514677498978,1.0671527967727692
2017-08-30,1.2111312908044776,1.0701163514937042
2017-08-31,1.2224226409875834,1.0765917482327816
2017-09-01,1.2311230667620037,1.0822895976276496
2017-09-04,1.2319052595565663,1.0858137444134637
2017-09-05,1.2348260869842227,1.0865574026338636
2017-09-06,1.2314711081693772,1.0897337667199463
2017-09-07,1.231872109377247,1.0866034140737895
2017-09-08,1.2332876218884634,1.0900747567586284
2017-09-11,1.2395412218969044,1.1011545108636323
2017-09-12,1.233891391822661,1.0972527564031727
2017-09-13,1.2364533032969747,1.1031033736477065
2017-09-14,1.2332639693544356,1.1027832882305968
2017-09-15,1.2227992743512814,1.0984115288130483
2017-09-18,1.2269329561011455,1.1049860113476377
2017-09-19,1.223558686827842,1.1018927626360095
2017-09-20,1.225979793200519,1.1108997569541958
2017-09-21,1.2242873470091755,1.100372172685122
2017-09-22,1.2387290836097804,1.0964979273503646
2017-09-25,1.2290346166802348,1.082338254350148
2017-09-26,1.2229889340461078,1.0819234110203761
2017-09-27,1.2261213716749613,1.0897954860779016
2017-09-28,1.219503724418917,1.0851058715711097
2017-09-29,1.2284052232875147,1.0938178348585466
2017-10-09,1.23687550823303,1.1067764870218475
2017-10-10,1.2518220566363838,1.116668071763271
2017-10-11,1.2490444180700686,1.115312263838272
2017-10-12,1.243494746441449,1.113126230518782
2017-10-13,1.2445816781471917,1.119956346910806
2017-10-16,1.2284966767856018,1.1003441189331957
2017-10-17,1.226370147407805,1.1018695081005536
2017-10-18,1.2166253068170645,1.0924947112341539
2017-10-19,1.2027329200833359,1.0793165909046063
2017-10-20,1.2156793630641043,1.0923550354217915
2017-10-23,1.2241631137213846,1.099811516538166
2017-10-24,1.2127320802993524,1.094933296333351
2017-10-25,1.2217835620030506,1.1035951952629104
2017-10-26,1.2276822672825451,1.1083238236045365
2017-10-27,1.2268317931274102,1.1023958474541617
2017-10-30,1.2157173803718955,1.0746750272435073
2017-10-31,1.227464106753269,1.0845044303603573
2017-11-01,1.2313436503041606,1.0853987860398293
2017-11-02,1.2157984533952626,1.0744869041735334
2017-11-03,1.2202497645895563,1.0654204468852977
2017-11-06,1.2319046575330115,1.07631425093652
2017-11-07,1.232916252653026,1.0826330175533747
2017-11-08,1.2385899565493528,1.0870871404282685
2017-11-09,1.2426344101410893,1.093229729894167
2017-11-10,1.2412260040598395,1.095108011126842
2017-11-13,1.2333836825518245,1.0961164335586258
2017-11-14,1.2231056623881007,1.0884148857831
2017-11-15,1.2226395760186852,1.079663642418445
2017-11-16,1.222950607578035,1.0753800060795817
2017-11-17,1.198376518992485,1.0365377688771809
2017-11-20,1.1988747279058298,1.0384469941917218
2017-11-21,1.203912532151394,1.0387518834964775
2017-11-22,1.2039839256964089,1.037730039586674
2017-11-23,1.201959258299321,1.0143609593011522
2017-11-24,1.2051351101527383,1.0161797461578796
2017-11-27,1.20202599036035,1.0053398807836262
2017-11-28,1.2073524755876168,1.0193538514614164
2017-11-29,1.2016613658823723,1.0215088344688072
2017-11-30,1.2071089793077325,1.017036672929719
2017-12-01,1.2149276828629714,1.0241616728814762
2017-12-04,1.1901788379861,1.008882261202593
2017-12-05,1.163395579065614,0.9821958273481438
2017-12-06,1.1768679873303989,0.9910157608153717
2017-12-07,1.1728626180982678,0.9891958649561847
2017-12-08,1.1785809955900182,1.0010264369526223
2017-12-11,1.1817346677290155,1.0109692935099144
2017-12-12,1.1691080528564,0.9988241681831669
2017-12-13,1.179602666796406,1.0064893502751266
2017-12-14,1.1838525885585836,1.0086139472051128
2017-12-15,1.1860797801856464,1.0054835417351604
2017-12-18,1.172530662390979,1.0003317848520503
2017-12-19,1.1774820661008476,1.0068915816669093
2017-12-20,1.1648996900637834,0.9965301471782935
2017-12-21,1.1618612739411518,0.9978994043157
2017-12-22,1.1616322977994047,0.996860790120952
2017-12-25,1.1473582325935752,0.9849743232008016
2017-12-26,1.1662192068924384,0.9952247297150014
2017-12-27,1.167821855794251,0.9916635262896224
2017-12-28,1.1693842905921679,0.9964531913207023
2017-12-29,1.1811889225776988,1.0033157829855692
2018-01-02,1.1855294482352523,1.0143166997536597
2018-01-03,1.1984318319099452,1.0228410298544715
2018-01-04,1.1986386192425142,1.0253285997667998
2018-01-05,1.1949461026642727,1.026685075037567
2018-01-08,1.1920674251088732,1.0300183241600598
2018-01-09,1.1926480452510224,1.030414956610199
2018-01-10,1.1838885083158521,1.0218938350255449
2018-01-11,1.2016195267171326,1.0274529993034693
2018-01-12,1.1920390162643448,1.0241099737712127
2018-01-15,1.1629629044981125,0.9988518589405638
2018-01-16,1.171812885197332,1.0079905823018578
2018-01-17,1.169837187124054,1.0075780499387152
2018-01-18,1.171757403188916,1.0105776997696772
2018-01-19,1.1673531702016722,1.0088811421900323
2018-01-22,1.1729047725733328,1.0135764012953412
2018-01-23,1.178046905423264,1.016649437675888
2018-01-24,1.1842181612573723,1.0213796940920974
2018-01-25,1.1907939750017111,1.0203659794979627
2018-01-26,1.203185389151222,1.0177926043890106
2018-01-29,1.1964438165225355,1.006208194224687
2018-01-30,1.1954689070305864,1.0049026183469756
2018-01-31,1.1619789763513837,0.9817166838353697
2018-02-01,1.130473245626148,0.9394127106907768
2018-02-02,1.1227270366263336,0.9326819885763754
2018-02-05,1.1215803074358914,0.9273937327351618
2018-02-06,1.0692493472774753,0.8751725284318492
2018-02-07,1.0824018591486773,0.877829264819474
2018-02-08,1.0896395042930098,0.8882662324760594
2018-02-09,1.0794038285049625,0.8563726165907792
2018-02-12,1.0871055940076275,0.8786025432397925
2018-02-13,1.0817479057323809,0.8810282360505322
2018-02-14,1.0871694342394425,0.8841333542579779
2018-02-22,1.0981146840330274,0.9008248469490794
2018-02-23,1.1020050868003006,0.9055984241264682
2018-02-26,1.1257605759098883,0.9263733208946484
2018-02-27,1.1286400259650065,0.9270429005401892
2018-02-28,1.1249750060165105,0.9274450372646995
2018-03-01,1.1335280352425738,0.9394516988217813
2018-03-02,1.127672908936818,0.9357066305573678
2018-03-05,1.1318620523446596,0.9408773875728441
2018-03-06,1.1361865410949759,0.9534206112093602
2018-03-07,1.13783481303233,0.9479288394466274
2018-03-08,1.1511503291025587,0.9569745520625195
2018-03-09,1.1659595549342825,0.9701890760497113
2018-03-12,1.1761233581708428,0.9843179899497061
2018-03-13,1.1733614967111587,0.9792839144337356
2018-03-14,1.1634422477287794,0.9703123241989485
2018-03-15,1.148371973185558,0.9626067756954318
2018-03-16,1.1579850368424616,0.9630660664873655
2018-03-19,1.1592935490480714,0.9653654642330002
2018-03-20,1.1659335659285723,0.9684788284849274
2018-03-21,1.1694404043920754,0.9652521812678939
2018-03-22,1.1819438741651611,0.9669854793598014
2018-03-23,1.1381760615343657,0.913753200070082
2018-03-26,1.1439903076634734,0.9244396304628103
2018-03-27,1.1790649364714711,0.9473677190686786
2018-03-28,1.1784014636271527,0.9396430046253063
2018-03-29,1.2069461999559812,0.9509097479095348
2018-03-30,1.2277211061673308,0.9624285151172275
2018-04-02,1.2174682597459319,0.9662484323574431
2018-04-03,1.2174682597459319,0.9581423064278592
2018-04-04,1.2174682597459319,0.9553226916184517
2018-04-09,1.2174682597459319,0.9580897748255442
2018-04-10,1.2174682597459319,0.9627753725908607
2018-04-11,1.2174682597459319,0.9700736990469239
2018-04-12,1.2174682597459319,0.9647112660194138
2018-04-13,1.2174682597459319,0.9611788386334028
2018-04-16,1.2174682597459319,0.9525696296118268
2018-04-17,1.2174682597459319,0.9329617669547631
2018-04-18,1.2174682597459319,0.9411027660486
2018-04-19,1.2174682597459319,0.9451264854718625
2018-04-20,1.2174682597459319,0.9227048519404203
2018-04-23,1.2174682597459319,0.9168905633534609
2018-04-24,1.2174682597459319,0.9372098480966089
2018-04-25,1.2174682597459319,0.9403319495019863
2018-04-26,1.2174682597459319,0.921178063941715
2018-04-27,1.2174682597459319,0.9224851532055679
2018-05-02,1.2174682597459319,0.9191964391036158
2018-05-03,1.2174682597459319,0.9285200737653376
2018-05-04,1.2174682597459319,0.927714426862699
2018-05-07,1.2174682597459319,0.9442472953116245
2018-05-08,1.2195017569824187,0.9522637143866718
2018-05-09,1.2211323484021395,0.952895635440556
2018-05-10,1.2331346810145392,0.958812950019696
2018-05-11,1.2169036982619208,0.9495281271652406
2018-05-14,1.2085045363178244,0.944421406001158
2018-05-15,1.2248792673696407,0.9547003709875662
2018-05-16,1.225435835257258,0.951336053054921
2018-05-17,1.230177150197633,0.9494871718458993
2018-05-18,1.2255623752405815,0.9551275928813352
2018-05-21,1.2345102067391376,0.967891783950575
2018-05-22,1.2465493494425561,0.9727460416421422
2018-05-23,1.2366886651476034,0.9617074480119249
2018-05-24,1.2343120948643824,0.9604093601518644
2018-05-25,1.230882039561064,0.9537694033130233
2018-05-28,1.2141406316893404,0.9453173158779321
2018-05-29,1.2077723174771802,0.937588268607841
2018-05-30,1.1640733333485425,0.9018106524602482
2018-05-31,1.182860484858083,0.9185098767446392
2018-06-01,1.1838305799527473,0.910804376824445
2018-06-04,1.1812296542499363,0.9087362040569698
2018-06-05,1.1888464825847993,0.9225098956363146
2018-06-06,1.1913182637962714,0.9251132473017347
2018-06-07,1.1729935749389222,0.9180949984757065
2018-06-08,1.1653094483707156,0.906420677910139
2018-06-11,1.1548061857758072,0.9006775949007872
2018-06-12,1.156012876749379,0.9073618740966041
2018-06-13,1.1380026337827258,0.891154636206854
2018-06-14,1.1320586098607555,0.8874526442932299
2018-06-15,1.113026478713822,0.8664131758830208
2018-06-19,1.0927620546292527,0.8028031284984085
2018-06-20,1.089208787203561,0.8107452526224104
2018-06-21,1.084528787203561,0.7893710873377954
2018-06-22,1.081603787203561,0.8007064994317119
2018-06-25,1.0798487872035611,0.7980808006092075
2018-06-26,1.1019894310780234,0.8048890532996374
2018-06-27,1.1017931918756043,0.8004372158326775
2018-06-28,1.0880322655418673,0.7914354817459043
2018-06-29,1.1120631305545723,0.8139577693056858
2018-07-02,1.100380474451415,0.8024872184999761
2018-07-03,1.1155256456244866,0.8133234980240124
2018-07-04,1.10776490241584,0.799398797433159
2018-07-05,1.0850831741351552,0.7772883004309475
2018-07-06,1.1043743667684434,0.7802689400297488
2018-07-09,1.1160075122924682,0.797481487273443
2018-07-10,1.1214769304126848,0.8046086503835562
2018-07-11,1.0986835309875915,0.7846829638933482
2018-07-12,1.116198185325391,0.8053055521909196
2018-07-13,1.1351892345250598,0.808348491995694
2018-07-16,1.1397461588524243,0.8087792883503825
2018-07-17,1.14542929751543,0.8108249002691786
2018-07-18,1.1474172498707715,0.8086286577674849
2018-07-19,1.1348811111011985,0.7991617097370634
2018-07-20,1.1468767508111888,0.8087096604533854
2018-07-23,1.1504095131885466,0.8154305655778321
2018-07-24,1.1596195566923404,0.8313087276718478
2018-07-25,1.1730721633853711,0.833102327199463
2018-07-26,1.180706137815029,0.8336222656255965
2018-07-27,1.1766384268975763,0.8300917861925903
2018-07-30,1.1664676114204742,0.8189020798364463
2018-07-31,1.1673738685404114,0.8205295672001932
2018-08-01,1.1607015972397656,0.8073039051746457
2018-08-02,1.1299649604453617,0.7855192688714063
2018-08-03,1.1332062687733429,0.7776749585991249
2018-08-06,1.1278383401781795,0.7619111732678687
2018-08-07,1.1414492442489304,0.7825447755978991
2018-08-08,1.1317443711884356,0.7717751898068628
2018-08-09,1.146462722055149,0.7874674938640701
2018-08-10,1.1509993794022535,0.7919219207391188
2018-08-13,1.165648226249355,0.7931520657850655
2018-08-14,1.1688299835471454,0.7935842793270864
2018-08-15,1.1548820288822468,0.7782834846189634
2018-08-16,1.1459723565548041,0.7702618853399774
2018-08-17,1.1288830431194745,0.7564212662025204
2018-08-20,1.1304134623286342,0.7596663472538226
2018-08-21,1.1383499280064773,0.768192083117322
2018-08-22,1.130260762252853,0.7599147808325553
2018-08-23,1.136007727642035,0.7638710748369402
2018-08-24,1.1504633573864462,0.7620558283879906
2018-08-27,1.1642516359931567,0.7768026747832982
2018-08-28,1.1773241323992931,0.7781440620570896
2018-08-29,1.1760195765674277,0.7741296773412545
2018-08-30,1.1633046504511324,0.7628824406914116
2018-08-31,1.161682463771796,0.7548377780467697
2018-09-03,1.1593578187330014,0.7533615514128031
2018-09-04,1.1717906263499325,0.7622753352664058
2018-09-05,1.1624182517867427,0.7524620736630656
2018-09-06,1.1630527563132487,0.7491237062422407
2018-09-07,1.167746676501311,0.7520720591594171
2018-09-10,1.1537928921789466,0.7389417894760605
2018-09-11,1.155197112066844,0.7395836676939189
2018-09-12,1.156435176838147,0.7400416689086465
2018-09-13,1.1663485884170652,0.7462932545058661
2018-09-14,1.1618478197253796,0.7400849281235494
2018-09-17,1.1512476112571772,0.7277617761480737
2018-09-18,1.162628117786567,0.7404534770149376
2018-09-19,1.1731425464059115,0.7485945935474994
2018-09-20,1.1878022451417671,0.7474570268320259
2018-09-21,1.1909045555233793,0.7571597594474536
2018-09-25,1.1784572616200037,0.7548156521894671
2018-09-26,1.1832533302098174,0.7579596775004455
2018-09-27,1.1662146693080067,0.74564105909105
2018-09-28,1.1734497464533127,0.7527442191953996
2018-10-08,1.1466829783840011,0.7289439937030654
2018-10-09,1.1478005890219851,0.7315159250776666
2018-10-10,1.159257992447401,0.7335160455249954
2018-10-11,1.104809873976007,0.6784884941590827
2018-10-12,1.1009116678851736,0.671876659051355
2018-10-15,1.098933519786,0.662500796968221
2018-10-16,1.0839084323811088,0.649655351034968
2018-10-17,1.1020491566097663,0.6548591938671303
2018-10-18,1.0746996466872976,0.633777529844414
2018-10-19,1.087490678549442,0.6462686101545736
2018-10-22,1.1461923733456034,0.6789090215565265
2018-10-23,1.1581625597438845,0.6707432283317893
2018-10-24,1.1560117797755962,0.6724714356129423
2018-10-25,1.14927964888465,0.6692386986485901
2018-10-26,1.1489981896281003,0.6733140511313151
2018-10-29,1.1546113312218609,0.663567514525885
2018-10-30,1.1683931406361905,0.67214035013714
2018-10-31,1.1765964137256482,0.6829349437532509
2018-11-01,1.1778105368671585,0.6861748961484476
2018-11-02,1.204617178033435,0.7048248082879456
2018-11-05,1.2260093041640876,0.711425298626168
2018-11-06,1.2191773722305752,0.7108101019401841
2018-11-07,1.2151008508161592,0.7086509060489978
2018-11-08,1.2353441480385674,0.7088995206181568
2018-11-09,1.2248282063051006,0.7072313556300418
2018-11-12,1.257880609364063,0.7274889632435271
2018-11-13,1.2766431070007245,0.7426897511249873
2018-11-14,1.285669340379965,0.7423746139220865
2018-11-15,1.314101417945977,0.7553531020652545
2018-11-16,1.3141001370285652,0.7641800715138543
2018-11-19,1.311359181420546,0.768946540257032
2018-11-20,1.2917840344838796,0.7481681397618007
2018-11-21,1.2996839704405136,0.7548173163987849
2018-11-22,1.3023372436085336,0.7560832979486676
2018-11-23,1.2585683060023798,0.72341667594025
2018-11-26,1.2577225174682831,0.7215929295829617
2018-11-27,1.2836312326380523,0.726799251176609
2018-11-28,1.294908652269236,0.7347674247283041
2018-11-29,1.254745879088332,0.7174754532118522
2018-11-30,1.2643136001143367,0.7219445704586996
2018-12-03,1.2914967367790529,0.7448866630160852
2018-12-04,1.2990052286290397,0.7514480916003189
2018-12-05,1.287045096703214,0.7450517669648874
2018-12-06,1.2714825569807655,0.7327936210004475
2018-12-07,1.2849734482889528,0.7334793724386641
2018-12-10,1.2763984734325633,0.7247028352016169
2018-12-11,1.2833818498741416,0.7309558451758134
2018-12-12,1.287908333523014,0.7316617291942685
2018-12-13,1.2954854837592544,0.7380691215480671
2018-12-14,1.260047692034851,0.7201088927452951
2018-12-17,1.2602633578207327,0.7207856354978649
2018-12-18,1.2563417200376332,0.7161971913901993
2018-12-19,1.242064792823063,0.70808344467445
2018-12-20,1.247943716574202,0.7110384757176897
2018-12-21,1.2471421733023997,0.7056834133390064
2018-12-24,1.2592794715227797,0.711206105550953
2018-12-25,1.2509569753954202,0.7025108827369164
2018-12-26,1.2579298788212856,0.7018446581514756
2018-12-27,1.2483871318107658,0.690898109072103
2018-12-28,1.2520660137253965,0.6918192429765104
2019-01-02,1.2718053964738416,0.6899028265712763
2019-01-03,1.278294531300535,0.6866666278652732
2019-01-04,1.2915209250640194,0.7037322316878546
2019-01-07,1.3058305085283233,0.7172978555620124
2019-01-08,1.3064092846604352,0.7170425912175498
2019-01-09,1.3073439267633897,0.7199884832552982
2019-01-10,1.305995586677421,0.7186805937527833
2019-01-11,1.3143882612842899,0.7249847561842827
2019-01-14,1.3057321338408447,0.7215819983997679
2019-01-15,1.3157933504886679,0.7292772886104756
2019-01-16,1.318557571837787,0.7281885036381268
2019-01-17,1.3052928544429652,0.722206648250852
2019-01-18,1.311436564179475,0.7267674128194
2019-01-21,1.3163153573412856,0.7308970470498498
2019-01-22,1.3067885998586573,0.7240994032791117
2019-01-23,1.3056534578194205,0.7256285785252433
2019-01-24,1.305204615663166,0.7281745546799849
2019-01-25,1.2912441824771248,0.7227492751964296
2019-01-28,1.280167542049784,0.7175230651055946
2019-01-29,1.2465922192284355,0.7043243365841819
2019-01-30,1.234013305912414,0.6943095631860271
2019-01-31,1.2169526167934968,0.681285866893014
2019-02-01,1.223749731078962,0.6994451373143982
2019-02-11,1.228632268582639,0.7180542465702228
2019-02-12,1.242745698819886,0.7284688114918768
2019-02-13,1.2537597597563113,0.7406946104788882
2019-02-14,1.2546522688628285,0.7443843393269353
2019-02-15,1.2626809815857425,0.7434454569103294
2019-02-18,1.2817668307014451,0.7676695505279646
2019-02-19,1.2827208707410536,0.7711349728936593
2019-02-20,1.2877509779312881,0.7734081099020134
2019-02-21,1.2810090450536404,0.7710740020257298
2019-02-22,1.2900341302089249,0.787240146266468
2019-02-25,1.3119117366643316,0.8264368365240519
2019-02-26,1.3093991659251503,0.8260971485046948
2019-02-27,1.30964663279197,0.8263476429939742
2019-02-28,1.3136844923565671,0.829315849274312
2019-03-01,1.3215410950752464,0.834911518791717
2019-03-04,1.3292299128492875,0.8494192578395169
2019-03-05,1.343044151290374,0.8702136367991321
2019-03-06,1.3507256902287754,0.8897092232783298
2019-03-07,1.3640122762958673,0.9057102188520486
2019-03-08,1.3249761351309062,0.8622179353473425
2019-03-11,1.355369324856597,0.8966544816663536
2019-03-12,1.3639490855946526,0.9135234799904651
2019-03-13,1.3583608044921816,0.8989773162369477
2019-03-14,1.3344413653864098,0.8746097553326692
2019-03-15,1.3495309229610362,0.8900148443751736
2019-03-18,1.3696337927842686,0.9118726451947959
2019-03-19,1.3709836451395179,0.9158060831317514
2019-03-20,1.3693859620948579,0.9181107398696386
2019-03-21,1.3790825958755384,0.9285744712626492
2019-03-22,1.374394855573976,0.9344108207613696
2019-03-25,1.3709676485906312,0.9255848926265238
2019-03-26,1.3447613894433093,0.9019410868944716
2019-03-27,1.3543313757783233,0.9083809116927031
2019-03-28,1.3600474146081494,0.8958321990545199
2019-03-29,1.3879655235858128,0.9196000845244771
2019-04-01,1.4010936480791498,0.951985616343557
2019-04-02,1.4010936480791498,0.9579598782093243
2019-04-03,1.4010936480791498,0.9698491897415839
2019-04-04,1.4010936480791498,0.9749092717758993
2019-04-08,1.4010936480791498,0.9736539466549883
2019-04-09,1.4010936480791498,0.977232599410335
2019-04-10,1.4010936480791498,0.9776117837352107
2019-04-11,1.4010936480791498,0.961317329541088
2019-04-12,1.4010936480791498,0.9613852157314773
2019-04-15,1.4010936480791498,0.9542426947335231
2019-04-16,1.4010936480791498,0.9720439014351213
2019-04-17,1.4010936480791498,0.9807056594093877
2019-04-18,1.4010936480791498,0.9744840660527455
2019-04-19,1.4010936480791498,0.9812287360372318
2019-04-22,1.4010936480791498,0.9692127854414457
2019-04-23,1.4010936480791498,0.9525898196889709
2019-04-24,1.4010936480791498,0.9604033444504414
2019-04-25,1.4010936480791498,0.9223028125294119
2019-04-26,1.4010936480791498,0.909360305339041
2019-04-29,1.4010936480791498,0.877081746612335
2019-04-30,1.4010936480791498,0.8873252565611702
2019-05-06,1.4010936480791498,0.8231422030357376
2019-05-07,1.4198609879487172,0.8359242597042691
2019-05-08,1.4309040129202462,0.8339049898111737
2019-05-09,1.431005875779158,0.825914887903725
2019-05-10,1.4592560988070369,0.8533543680862787
2019-05-13,1.4548918444362096,0.8488809116165513
2019-05-14,1.4470744214101394,0.8420208164093708
2019-05-15,1.464488945387687,0.8605495312021602
2019-05-16,1.473786784971174,0.8682497262705049
2019-05-17,1.43073031060261,0.8373714484669472
2019-05-20,1.4363006795211715,0.8316962771519346
2019-05-21,1.4580841557671893,0.8466950029927272
2019-05-22,1.46300613915571,0.8404684544521908
2019-05-23,1.4317028336489217,0.8222235665276575
2019-05-24,1.4291262307744612,0.8175230239535535
2019-05-27,1.459737997804193,0.8383604694860417
2019-05-28,1.4673752982567447,0.8402168397257218
2019-05-29,1.4830055649024174,0.8435073409459762
2019-05-30,1.4864797109255314,0.8392075857228177
2019-05-31,1.4920398056962556,0.8396098315430589
2019-06-03,1.4788964839041219,0.8278297848303843
2019-06-04,1.468712882352324,0.8147225956124272
2019-06-05,1.4758208122411123,0.8153948976134093
2019-06-06,1.449413874301782,0.7964245482488667
2019-06-10,1.4613780909241032,0.8046702848064677
2019-06-11,1.4906948495570151,0.8330006702109763
2019-06-12,1.4860594282015096,0.8296126785058212
2019-06-13,1.507981824434174,0.8355902698741743
2019-06-14,1.4824173403822645,0.818738884400955
2019-06-17,1.4843512555346776,0.819403175150431
2019-06-18,1.487309791813941,0.8187253035057234
2019-06-19,1.4957296679649,0.8296758117609816
2019-06-20,1.5046886181361059,0.8426037690546604
2019-06-21,1.5371386552866795,0.8553641267638358
2019-06-24,1.536396768700109,0.8557780693017903
2019-06-25,1.530716828907269,0.8487009341177018
2019-06-26,1.5335842242424762,0.8483772229930678
2019-06-27,1.5346349834641435,0.8533994337460005
2019-06-28,1.524794229416732,0.8434391183134549
2019-07-01,1.53577791154016,0.8662838797214357
2019-07-02,1.5324155835817965,0.8670714652407673
2019-07-03,1.5421532796960806,0.8593938417868928
2019-07-04,1.5276068440597221,0.8574034525689338
2019-07-05,1.5376885160886897,0.8602420712363716
2019-07-08,1.5239947653212993,0.8316894879896662
2019-07-09,1.5352918387618708,0.8340512654144933
2019-07-10,1.5261266927491832,0.8285693815859979
2019-07-11,1.549930717538028,0.8290603674055799
2019-07-12,1.5489444339400715,0.8320052856395119
2019-07-15,1.5552539563968448,0.8387942482644283
2019-07-16,1.5577870018777917,0.841421667103922
2019-07-17,1.5554232940549146,0.8412872249181537
2019-07-18,1.5329189271518042,0.8270071516650175
2019-07-19,1.5396326296833642,0.8312435228642536
2019-07-22,1.5072538112137681,0.8080920533835859
2019-07-23,1.5134461713152412,0.8172680523939231
2019-07-24,1.5247558851422476,0.8266967899997644
2019-07-25,1.5273856644122423,0.8291643288603295
2019-07-26,1.529278496903995,0.8305821688258538
2019-07-29,1.5249806501733674,0.8297543555439466
2019-07-30,1.5308524737525597,0.8339072393481396
2019-07-31,1.528460071643187,0.8284187084040087
2019-08-01,1.527502678228191,0.8246980408283563
2019-08-02,1.5104362500573438,0.8115995556669041
2019-08-05,1.5050003618912213,0.8027394017344532
2019-08-06,1.4746955267277342,0.7801415370867464
2019-08-07,1.472470588455042,0.7787854704933425
2019-08-08,1.479729010640291,0.7829103637416298
2019-08-09,1.467425357544503,0.7741160095635682
2019-08-12,1.4736094295884448,0.7861580565054489
2019-08-13,1.4833806062976156,0.7822137291271033
2019-08-14,1.4887528143443227,0.7866613829603442
2019-08-15,1.487628474460276,0.7884006183651217
2019-08-16,1.4913065579904514,0.7919722459367524
2019-08-19,1.5106680007938216,0.8146678277163903
2019-08-20,1.513136799787128,0.8168173218527448
2019-08-21,1.513809180917017,0.8175270626396283
2019-08-22,1.5208043695536564,0.8208502297554455
2019-08-23,1.5156694028608804,0.8195296066713353
2019-08-26,1.5017134063040214,0.8137927071404426
2019-08-27,1.5209085239488016,0.8285590616656058
2019-08-28,1.5208283591462153,0.8290938905047458
2019-08-29,1.5184919441686042,0.8281254067449665
2019-08-30,1.500393229617952,0.8168623117257593
2019-09-02,1.5228894444767536,0.8345744350307456
2019-09-03,1.531650041792664,0.8392508427500653
2019-09-04,1.531744367979161,0.8462629327533296
2019-09-05,1.539696767533007,0.8534731161981375
2019-09-06,1.5445616428462494,0.8566820564030166
2019-09-09,1.5574824419927422,0.8722312745768468
2019-09-10,1.55761706006918,0.8747170475333856
2019-09-11,1.5549716389558799,0.8703327914455713
2019-09-12,1.5598429032783507,0.8756452516453187
2019-09-16,1.56730949392836,0.8785220902140776
2019-09-17,1.5561280413940524,0.8598852378423312
2019-09-18,1.554821577847016,0.8617466538955953
2019-09-19,1.5612141830742778,0.8698912577221247
2019-09-20,1.5655887000172823,0.8711413120345156
2019-09-23,1.5568976588771815,0.8630450955444033
2019-09-24,1.5715129708317086,0.8647286471249307
2019-09-25,1.5416409569235645,0.849853395606965
2019-09-26,1.5127546096292195,0.8293789185179219
2019-09-27,1.5299159202851025,0.8360597332225043
2019-09-30,1.5275595880481023,0.8283817699844405
2019-10-08,1.5354691193476397,0.8300708578183215
2019-10-09,1.5524585980110615,0.8373916777474569
2019-10-10,1.5646023853622013,0.8468056350919841
2019-10-11,1.5708270025430522,0.8492529147366028
2019-10-14,1.5821524696914946,0.8616538654007169
2019-10-15,1.5816321977554046,0.8536659327340447
2019-10-16,1.5699865830105353,0.8481203621485671
2019-10-17,1.5596691643640195,0.8461388934271236
2019-10-18,1.5484373749271734,0.8359590108042414
2019-10-21,1.55208478641078,0.831758716713489
2019-10-22,1.5746629232997351,0.8403385868419712
2019-10-23,1.5656464940472168,0.83572872610774
2019-10-24,1.5680050741688185,0.8353553972998209
2019-10-25,1.5774760639939194,0.8404071090696773
2019-10-28,1.5846110823977697,0.853317922995077
2019-10-29,1.5683071441142877,0.8425336263218377
2019-10-30,1.558750892926439,0.831874460135346
2019-10-31,1.552467108541235,0.8231880616923151
2019-11-01,1.568531559747098,0.8309679849351244
2019-11-04,1.5636237365393355,0.8332567937071407
2019-11-05,1.5610321874913387,0.834486751583723
2019-11-06,1.5462634383839635,0.82743353767761
2019-11-07,1.5506326962390509,0.831935852875658
2019-11-08,1.5534332054193731,0.8302884577261294
2019-11-11,1.521016021751949,0.8098903578162061
2019-11-12,1.5242044739573184,0.812770726259634
2019-11-13,1.527596887853622,0.8095027144260619
2019-11-14,1.5309175159309858,0.8135807702393917
2019-11-15,1.5189529511038624,0.8034839530865457
2019-11-18,1.5203583996668948,0.8090903560423884
2019-11-19,1.535678882116561,0.8221233340988848
2019-11-20,1.5265353865410345,0.8176933389575995
2019-11-21,1.52469385695943,0.8174866630560179
2019-11-22,1.5147097135532088,0.8120163298159583
2019-11-25,1.515098927662687,0.8129353939323862
2019-11-26,1.517523147535961,0.8116506094699081
2019-11-27,1.5188821412982154,0.8104360142803031
2019-11-28,1.5171933903160526,0.8078928018902505
2019-11-29,1.5254297853991934,0.808558987850299
2019-12-02,1.5290139515163812,0.8094367604942287
2019-12-03,1.5358064299089889,0.8143842003763765
2019-12-04,1.5364032961016123,0.8157463919938215
2019-12-05,1.5436828329608996,0.8228397385209856
2019-12-06,1.5476721578902075,0.827509668581687
2019-12-09,1.5462761702601995,0.8295319701037335
2019-12-10,1.5484891573481838,0.8321624997133739
2019-12-11,1.545568858226679,0.8307244206120282
2019-12-12,1.541471314280635,0.8283937380921846
2019-12-13,1.5505654767558859,0.8377657363086433
2019-12-16,1.5629415984621575,0.849825508872867
2019-12-17,1.5677130448658094,0.8607924177203188
2019-12-18,1.5696558862951793,0.8619482706343077
2019-12-19,1.579389211952311,0.8679189999310024
2019-12-20,1.5798485200548698,0.8617650318054625
2019-12-23,1.5670419728872242,0.8450609326698928
2019-12-24,1.5820923018516022,0.8576240596031179
2019-12-25,1.5898366938181245,0.8588778346923668
2019-12-26,1.598332707857066,0.8664291217563459
2019-12-27,1.6102849900462757,0.8626717030581296
2019-12-30,1.6114596884527863,0.8679205705537125
2019-12-31,1.6157641040656228,0.8731316284844166
2020-01-02,1.6294235429207449,0.8881048182985041
2020-01-03,1.6308016141909976,0.8926738704007251
2020-01-06,1.6329577847032366,0.8988767385319876
2020-01-07,1.6434763619603519,0.9102427904199542
2020-01-08,1.6321952977133216,0.8976997337346805
2020-01-09,1.6429935276447434,0.9098346218658796
2020-01-10,1.6443086433961007,0.9074923131489093
2020-01-13,1.669659272496062,0.9154138264049863
2020-01-14,1.668498765867385,0.9157470781752456
2020-01-15,1.6470113009715606,0.910874260122723
2020-01-16,1.6330945104875318,0.9064383045845661
2020-01-17,1.6329318528121062,0.9032250624416106
2020-01-20,1.6426704847960012,0.9105761829217172
2020-01-21,1.6315421448515233,0.8994992507372281
2020-01-22,1.632306343835068,0.8982192525985342
2020-01-23,1.5893553230496578,0.8681715101253034
2020-02-03,1.505025202889136,0.7918978127605424
2020-02-04,1.498835353841248,0.7847361331214586
2020-02-05,1.5154567983777918,0.8046116266097287
2020-02-06,1.5304712212520661,0.8240249400225206
2020-02-07,1.5457740475279023,0.8315058976632459
2020-02-10,1.5631085117774577,0.8459400771380035
2020-02-11,1.554990220613873,0.8429467814610345
2020-02-12,1.5643345648718747,0.8546864546173176
2020-02-13,1.549871044607726,0.8462216963184378
2020-02-14,1.5497695781192822,0.8478295593709593
2020-02-17,1.577258131917113,0.8743652556959977
2020-02-18,1.5842169516876055,0.8871562042010818
2020-02-19,1.5818478835873906,0.883803840491864
2020-02-20,1.5925775817572292,0.8999748582733978
2020-02-21,1.5968641607410843,0.9082296261081455
2020-02-24,1.5949824706817177,0.9171140438827109
2020-02-25,1.5830462659707591,0.9141672849361406
2020-02-26,1.5829103753126865,0.9056086381268965
2020-02-27,1.590582206933585,0.9080601561763942
2020-02-28,1.5489777324762652,0.8625998225504022
2020-03-02,1.5768331744536153,0.8973898852891347
2020-03-03,1.577482053634839,0.908000998742822
2020-03-04,1.601182308011294,0.9186727470399849
2020-03-05,1.6340873641925044,0.9372794384074516
2020-03-06,1.637440035889808,0.9360962278494211
2020-03-09,1.6183190359499104,0.9077970287159218
2020-03-10,1.652195312575663,0.9247637753338827
2020-03-11,1.697299038159635,0.9180748361823381
2020-03-12,1.6774816641866073,0.900163348437287
2020-03-13,1.674073842620526,0.8889449255717015
2020-03-16,1.6551228678981778,0.8576099759076496
2020-03-17,1.6559857860352507,0.8541320818406283
2020-03-18,1.637286683557299,0.840528550502373
2020-03-19,1.6473519716731766,0.8448000723747107
2020-03-20,1.66936972034782,0.8576334166630035
2020-03-23,1.6384241026455928,0.8265332634312554
2020-03-24,1.663457034261793,0.8421550619125782
2020-03-25,1.6885683213730562,0.8620885861335003
2020-03-26,1.682556094588521,0.8540134679297873
2020-03-27,1.6912927423527087,0.852388960359463
2020-03-30,1.6672797780828024,0.8361756028638475
2020-03-31,1.6756906380393426,0.837485019249586
2020-04-01,1.672345639637487,0.8320892454329641
2020-04-02,1.672345639637487,0.8470182644849018
2020-04-03,1.672345639637487,0.843670912533245
2020-04-07,1.672345639637487,0.8686120831894812
2020-04-08,1.672345639637487,0.8723901791365712
2020-04-09,1.672345639637487,0.8791936054541373
2020-04-10,1.672345639637487,0.8611561410662767
2020-04-13,1.672345639637487,0.8555091818314094
2020-04-14,1.672345639637487,0.8696751009380899
2020-04-15,1.672345639637487,0.8638739634102048
2020-04-16,1.672345639637487,0.8661746913586023
2020-04-17,1.672345639637487,0.8657690414600869
2020-04-20,1.672345639637487,0.8744621802549655
2020-04-21,1.672345639637487,0.8702261856014734
2020-04-22,1.672345639637487,0.8782388177307321
2020-04-23,1.672345639637487,0.8760065942602794
2020-04-24,1.672345639637487,0.8612020475605305
2020-04-27,1.672345639637487,0.8561089301782777
2020-04-28,1.672345639637487,0.8397458023512515
2020-04-29,1.672345639637487,0.8386515851239501
2020-04-30,1.672345639637487,0.8547162660637095
2020-05-06,1.672345639637487,0.8673614275968445
2020-05-07,1.672345639637487,0.8661562143016903
2020-05-08,1.672345639637487,0.874744846277823
2020-05-11,1.672345639637487,0.874695373984007
2020-05-12,1.6737378877408173,0.8735076928755171
2020-05-13,1.677722928318826,0.878077265380327
2020-05-14,1.670889239058321,0.8711278933612342
2020-05-15,1.6782555342189018,0.8726991239044023
2020-05-18,1.6829157581303782,0.8708441362310574
2020-05-19,1.690501769458234,0.8786769908817229
2020-05-20,1.698874438534292,0.8727033183094313
2020-05-21,1.7072057414192883,0.8661565928865111
2020-05-22,1.7100964016034979,0.8533730539583835
2020-05-25,1.7132164557545944,0.8528718929555252
2020-05-26,1.7337318023410009,0.8684147487838098
2020-05-27,1.746283524026728,0.868241264310153
2020-05-28,1.7432173973599832,0.8662868188742932
2020-05-29,1.747499833715404,0.8728985758001729
2020-06-01,1.7702714122892949,0.8950620781841194
2020-06-02,1.7822277259221224,0.8999326927121185
2020-06-03,1.7818899715023002,0.9007769584038683
2020-06-04,1.7922033767843382,0.904155741015094
2020-06-05,1.7912468657795437,0.9031804786612804
2020-06-08,1.7909347582372408,0.9023897486929183
2020-06-09,1.7895129101338068,0.9068546762707569
2020-06-10,1.7800818525028577,0.9049426179506562
2020-06-11,1.779024204600478,0.9009931844888603
2020-06-12,1.7768083501765375,0.9012288425040443
2020-06-15,1.7812702949052817,0.8989715616710062
2020-06-16,1.8136076547158468,0.9125512894632434
2020-06-17,1.8138618330243332,0.9165713667251734
2020-06-18,1.8123100166455,0.9165675177200021
2020-06-19,1.823433094002408,0.9207496113194952
2020-06-22,1.8310532582037058,0.9207918989619847
2020-06-23,1.815682546708576,0.9195066581085607
2020-06-24,1.8246708699077288,0.9169529855978045
2020-06-29,1.8219215791215002,0.9120378812370048
2020-06-30,1.8310626974322672,0.924285405383426
2020-07-01,1.8334372983970513,0.930719606620871
2020-07-02,1.849974714060202,0.9443204956299138
2020-07-03,1.8705559740322397,0.9560865645355434
2020-07-06,1.9078314387603483,0.9935197646277828
2020-07-07,1.9232667585595935,1.0004758726984846
2020-07-08,1.9513476360829365,1.0210441721847057
2020-07-09,1.965423005437634,1.0461023814987516
2020-07-10,1.9567612940548709,1.038770192542576
2020-07-13,1.9643616179644403,1.0714730364220888
2020-07-14,1.9691287274039784,1.0672840286890943
2020-07-15,1.93758659613149,1.0431690587471607
2020-07-16,1.9152037701409221,0.9991230035795493
2020-07-17,1.921163404306392,1.0002901025417519
2020-07-20,1.9543680266568615,1.0361588941778046
2020-07-21,1.9572333040413457,1.0402470244250777
2020-07-22,1.9678335289654876,1.0447090257176186
2020-07-23,1.9549556735659013,1.0415813008679469
2020-07-24,1.927912016791531,1.0016360661323627
2020-07-27,1.9294381808404721,1.0027924242581754
2020-07-28,1.9420739775912281,1.0139000200476183
2020-07-29,1.961495105772109,1.0359274598675556
2020-07-30,1.9677340039786775,1.036685384004705
2020-07-31,1.9791599294797138,1.0476737778834952
2020-08-03,2.0067304883792665,1.0767529727327323
2020-08-04,2.007615625608292,1.073665655039072
2020-08-05,2.0204389154461646,1.0842094705864855
2020-08-06,2.0148979813311714,1.0841933608103895
2020-08-07,2.013673544113224,1.073523153627939
2020-08-10,2.028824887313193,1.0830402551759613
2020-08-11,2.0120980989494766,1.0643180051301748
2020-08-12,2.003666925893712,1.0582907989239811
2020-08-13,2.0085412709609787,1.0655745223702306
2020-08-14,2.033236616369803,1.072785697769579
2020-08-17,2.0537175377136245,1.092968728836041
2020-08-18,2.0604616261580913,1.1022164705182034
2020-08-19,2.039213725414256,1.0899380778063001
2020-08-20,2.0225290239465163,1.07804964616929
2020-08-21,2.0242825371299897,1.0841373235546918
2020-08-24,2.0225123066114166,1.087286629545407
2020-08-25,2.0220138323291628,1.0797907237678592
2020-08-26,2.014187660082036,1.0588482301548825
2020-08-27,2.045205292633928,1.066529557660538
2020-08-28,2.0722215372581823,1.077444772606603
2020-08-31,2.0915492160152294,1.079411506303248
2020-09-01,2.0917580576275383,1.0829322838556803
2020-09-02,2.1183837102519676,1.082945495972001
2020-09-03,2.0941433114427848,1.0741183478505805
2020-09-04,2.1039901973653263,1.071839980145092
2020-09-07,2.100868998611988,1.0563711904564048
2020-09-08,2.131382771057782,1.0634266519463926
2020-09-09,2.1012966130924675,1.0424099697204572
2020-09-10,2.0245018521497182,1.0157869912863124
2020-09-11,2.0424763648734836,1.0267588446897795
2020-09-14,2.103952440480765,1.0334556182509391
2020-09-15,2.0974401216923493,1.0363824525086935
2020-09-16,2.0767753235048865,1.0310874907716774
2020-09-17,2.083315474311426,1.0321563426358706
2020-09-18,2.0876718234790355,1.047984251276762
2020-09-21,2.0767735402798357,1.0465720675081776
2020-09-22,2.049978764447852,1.0315872095966132
2020-09-23,2.0564146585829928,1.0353523174822625
2020-09-24,2.0197007530276623,1.0116565248442464
2020-09-25,2.0224254540186553,1.0075696028579004
2020-09-28,2.00539242815631,0.9953654115760006
2020-09-29,2.0156810025729497,1.0007012194880518
2020-09-30,2.006663487244852,0.9977982472516426
2020-10-09,2.036933572805393,1.0240093520461342
2020-10-12,2.0651356798680527,1.0497999881048161
2020-10-13,2.0614127386064918,1.050802260106026
2020-10-14,2.0471607739419397,1.044047449269189
2020-10-15,2.045783738280775,1.0380038588809626
2020-10-16,2.05221997625255,1.037966899124496
2020-10-19,2.046594066622198,1.0324294483105212
2020-10-20,2.0623197878811985,1.039844317972725
2020-10-21,2.035018770036664,1.0297592139733658
2020-10-22,2.037685900544961,1.0249530442161003
2020-10-23,2.024686458267492,1.0136133775973055
2020-10-26,2.030181273755885,1.0118653280858625
2020-10-27,2.0268995629249553,1.0117472781976669
2020-10-28,2.0248407169595324,1.012990450028867
2020-10-29,2.0244647429167677,1.011099338098389
2020-10-30,1.9835715647281404,0.9879427835455814
2020-11-02,1.984573714058319,0.9856251180209757
2020-11-03,2.0224741771295722,1.003881193098779
2020-11-04,2.013891271733518,1.0027946272985024
2020-11-05,2.035099096989115,1.019591807048449
2020-11-06,2.0145681586634976,1.0154317448510912
2020-11-09,2.0445869658035294,1.0338460922692863
2020-11-10,2.036367810874939,1.0269500303028154
2020-11-11,2.0290191894543677,1.0211742758802973
2020-11-12,2.033097544603438,1.0240808890178197
2020-11-13,2.0348406429981725,1.0232029673859493
2020-11-16,2.0505950337275247,1.0380066417156026
2020-11-17,2.0429326448455543,1.0337059416538061
2020-11-18,2.059550796823328,1.0377996817343553
2020-11-19,2.0622417244729414,1.0394005389730496
2020-11-20,2.0640889524630825,1.0467926061484132
2020-11-23,2.064056364558719,1.0531814966461082
2020-11-24,2.0574986515765366,1.0530711674369846
2020-11-25,2.0416528896883186,1.040192079093685
2020-11-26,2.0421581614248967,1.0369389834622784
2020-11-27,2.046547548213921,1.038498329723789
2020-11-30,2.0543153589597467,1.035667889259602
2020-12-01,2.072609277347249,1.0475737998536516
2020-12-02,2.0854449035995724,1.050425859891975
2020-12-03,2.0717677994178483,1.049024731458968
2020-12-04,2.0725300507760718,1.0521666652839252
2020-12-07,2.067992251383566,1.0476779738514774
2020-12-08,2.0668016246785363,1.0454873516830046
2020-12-09,2.045498200101305,1.0279308925325212
2020-12-10,2.0417288812524896,1.0274023811197397
2020-12-11,2.0090228586450247,1.0119374628120115
2020-12-14,2.0172430979758507,1.017017388255148
2020-12-15,2.006140016518165,1.0157343086316193
2020-12-16,1.9779874047897,1.0070018203845748
2020-12-17,1.9905728302569459,1.0151219455402403
2020-12-18,1.981417079772088,1.0138083085840852
2020-12-21,1.9904062425113749,1.0228799757817821
2020-12-22,1.9537469071520717,1.003144888840107
2020-12-23,1.9494049204341792,1.0075055678818103
2020-12-24,1.9280246127078062,0.9915633383271841
2020-12-25,1.9387067897977517,1.0017818022140217
2020-12-28,1.9180474226407773,0.9940520678397318
2020-12-29,1.9218403061577347,0.9908280414889973
2020-12-30,1.92476741428616,0.9958113417796949
2020-12-31,1.9369570130569804,1.007746082383516
2021-01-04,1.9394946153390915,1.0203769342951787
2021-01-05,1.9246042097857916,1.0198908153169053
2021-01-06,1.8872185551979221,1.0098998620334267
2021-01-07,1.8273083359804048,0.9892380652780385
2021-01-08,1.822943829670142,0.9879776464439672
2021-01-11,1.8126477971918797,0.9665340333223146
2021-01-12,1.822007595694021,0.9753092778552818
2021-01-13,1.7958511578460932,0.9634852595422481
2021-01-14,1.8205222161582006,0.9648492048251714
2021-01-15,1.8415616644782313,0.9747091254690061
2021-01-18,1.8528693209819334,0.9881155819829911
2021-01-19,1.8669484370998581,0.990814289607544
2021-01-20,1.8656632014474244,0.9936385374720639
2021-01-21,1.8673630903174294,1.000620838549811
2021-01-22,1.8540681480301502,0.9910702840836447
2021-01-25,1.8227389907329292,0.9786766860383735
2021-01-26,1.822889175760776,0.9711360233464004
2021-01-27,1.83394748195924,0.9734533983814273
2021-01-28,1.8443082293313477,0.9614293039924162
2021-01-29,1.813275361966352,0.948063965247737
2021-02-01,1.8089962310408079,0.9513958477366046
2021-02-02,1.7939358450095024,0.9550023092477016
2021-02-03,1.756761793997798,0.9434967393255391
2021-02-04,1.7430858871600763,0.9277129570792589
2021-02-05,1.7353838477957826,0.9187993805039563
2021-02-08,1.7264037369980942,0.9221387483016434
2021-02-09,1.7316389637764649,0.9376641174012731
2021-02-10,1.7313120033099856,0.9440813505169944
2021-02-18,1.7632813497782647,0.9679419136744826
2021-02-19,1.8046669859576943,0.9933273495040693
2021-02-22,1.8319906545210756,1.0027657740820892
2021-02-23,1.8118681909234235,0.9978660884875923
2021-02-24,1.8134550436039059,0.9949678367355287
2021-02-25,1.801205307760382,0.9912685093237572
2021-02-26,1.812576440361531,0.9856600185976774
2021-03-01,1.8321496476039476,1.0055786897587011
2021-03-02,1.8218961386467427,1.0001768611833166
2021-03-03,1.8336623446568978,1.0144723461266605
2021-03-04,1.8330824804364456,1.0070525722072168
2021-03-05,1.8496815790221035,1.0127609168482559
2021-03-08,1.8511923197619278,1.0019594486928842
2021-03-09,1.8258646031716224,0.9799408725744949
2021-03-10,1.7957514445494758,0.9707414363331973
2021-03-11,1.8260462672792206,0.9895071596800435
2021-03-12,1.8226095848241712,0.9933968629181273
2021-03-15,1.8234949454259304,0.9932377095662478
2021-03-16,1.8572677110740545,1.0048745024528403
2021-03-17,1.8696831614297824,1.0088205430279509
2021-03-18,1.8703211616135578,1.011359833584264
2021-03-19,1.8765358854146148,1.0083249588218004
2021-03-22,1.8803573561108622,1.024927373944526
2021-03-23,1.86267307506869,1.0141095587960458
2021-03-24,1.8601817283392093,1.006497423870976
2021-03-25,1.866905564301025,1.0033535568413743
2021-03-26,1.872842065415876,1.0160099656850525
2021-03-29,1.8748928242324427,1.0192281422281881
2021-03-30,1.8555760197437696,1.013679245739762
2021-03-31,1.8602212968975451,1.016984011616264
2021-04-01,1.8638082286053028,1.0208152638854855
2021-04-02,1.8638082286053028,1.0231552723779347
2021-04-06,1.8638082286053028,1.032478714934125
2021-04-07,1.8638082286053028,1.0405024038565507
2021-04-08,1.8638082286053028,1.0342644801287968
2021-04-09,1.8638082286053028,1.0355666205670888
2021-04-12,1.8638082286053028,1.0257464803745855
2021-04-13,1.8638082286053028,1.016657321043971
2021-04-14,1.8638082286053028,1.0280724492515607
2021-04-15,1.8638082286053028,1.0255056410068832
2021-04-16,1.8638082286053028,1.0405118033801126
2021-04-19,1.8638082286053028,1.0514681616508694
2021-04-20,1.8638082286053028,1.048295412707674
2021-04-21,1.8638082286053028,1.0456659235727408
2021-04-22,1.8638082286053028,1.04877507732984
2021-04-23,1.8638082286053028,1.0399493477453103
2021-04-26,1.8638082286053028,1.0348592476121112
2021-04-27,1.8638082286053028,1.0286502841035792
2021-04-28,1.8638082286053028,1.0319154685699896
2021-04-29,1.8638082286053028,1.0305694003149661
2021-04-30,1.8638082286053028,1.0235311253684085
2021-05-06,1.8638082286053028,1.029523985375656
2021-05-07,1.8638082286053028,1.0280742584419738
2021-05-10,1.8638082286053028,1.034141305319549
2021-05-11,1.8857002822550892,1.0379934515147626
2021-05-12,1.8925485548869494,1.0483680122946655
2021-05-13,1.8940838608878638,1.042827628515327
2021-05-14,1.9129937808366653,1.054460446619716
2021-05-17,1.8863459782847618,1.0449464672794706
2021-05-18,1.8906198815785806,1.050774929159089
2021-05-19,1.8878434770794672,1.049185260323941
2021-05-20,1.8939692769610303,1.0439880672512438
2021-05-21,1.9028522033373203,1.0467835939385273
2021-05-24,1.907017423248511,1.0523777823752538
2021-05-25,1.9046706969935605,1.0605952305002897
2021-05-26,1.914347095172754,1.067236474525426
2021-05-27,1.9183593375933574,1.0742528526503985
2021-05-28,1.9143856464201976,1.0718978749175074
2021-05-31,1.9197624118930943,1.08113765824565
2021-06-01,1.9288810880257443,1.0890096664833486
2021-06-02,1.9384590836341193,1.0832001331231211
2021-06-03,1.9444765940141284,1.0850738337635122
2021-06-04,1.9282736343565843,1.084149147732308
2021-06-07,1.9348113011173926,1.0914129665198646
2021-06-08,1.9556402137516533,1.0908855974174814
2021-06-09,1.9695495131342398,1.0941694997309965
2021-06-10,1.969650237098846,1.0958491880421368
2021-06-11,1.9655565229751253,1.0895407266418191
2021-06-15,1.957744527300773,1.0766873202356695
2021-06-16,1.9468076384921724,1.0652335983992363
2021-06-17,1.9454629511755124,1.070521528551007
2021-06-18,1.951415801543085,1.0779667693959896
2021-06-21,1.9633939244076342,1.0871178997000355
2021-06-22,1.9704270338360463,1.0945797971662607
2021-06-23,1.9675277408198657,1.0985131389461804
2021-06-24,1.9699691658509364,1.0945724281952436
2021-06-25,1.969093473797841,1.0996643278981795
2021-06-28,1.967985219790311,1.1021443348414965
2021-06-29,1.951953066105092,1.0936047243634632
2021-06-30,1.9557462723675911,1.0976063783515377
2021-07-01,1.9755490379231926,1.0852704660894819
2021-07-02,1.971021570984987,1.0792444209806689
2021-07-05,1.9866145384618594,1.090352930022502
2021-07-06,1.9956592525881627,1.0928230884882288
2021-07-07,1.995054007882156,1.0992338628910774
2021-07-08,1.9817052051001762,1.0923652136773394
2021-07-09,1.9893685603970879,1.1013909164602744
2021-07-12,1.9961369515111058,1.112064261447067
2021-07-13,2.0074242371101425,1.1194835208367755
2021-07-14,2.0036809550841403,1.1126530558731587
2021-07-15,1.975248075943497,1.1086429966635556
2021-07-16,1.9713356315216863,1.1092747745585927
2021-07-19,1.9594314814372196,1.1063908212588607
2021-07-20,1.9576024077600847,1.1086531473032073
2021-07-21,1.9699450087740664,1.1182711167013724
2021-07-22,1.9691250540521703,1.122219729739971
2021-07-23,1.9475493985392809,1.1120577535430574
2021-07-26,1.9290578588907477,1.0949194119125238
2021-07-27,1.9135184997215386,1.073272958613653
2021-07-28,1.877236335604964,1.0495230363452517
2021-07-29,1.8871461062145793,1.0694210221049074
2021-07-30,1.8916814724031188,1.07560000485892
2021-08-02,1.9032047089430095,1.0946771243716023
2021-08-03,1.9182335640707238,1.0925475046140805
2021-08-04,1.9335003987724138,1.1016989006973301
2021-08-05,1.938772442015629,1.095279961169732
2021-08-06,1.9347064833264669,1.0976891278683376
2021-08-09,1.9532430289824902,1.1117334372026237
2021-08-10,1.9666643864430515,1.1221733419628326
2021-08-11,1.98222701771725,1.128801453082358
2021-08-12,1.9791960503804809,1.1319555932090766
2021-08-13,1.9786519057490006,1.1343302053705124
2021-08-16,1.972398077972495,1.1366809719028879
2021-08-17,1.9490008019168594,1.1126708283240432
2021-08-18,1.968182089716616,1.1232285803181263
2021-08-19,1.9668117688637459,1.1200072267540284
2021-08-20,1.9615790540080569,1.1151952810800725
2021-08-23,1.9850678331002227,1.137495348197823
2021-08-24,2.0041918388679165,1.145292371751612
2021-08-25,2.0203105254618374,1.1561911192604812
2021-08-26,2.023761760031645,1.153325342724163
2021-08-27,2.012646990373118,1.154565968064363
2021-08-30,2.022653300921588,1.1563436161556193
2021-08-31,2.0349308614113837,1.159848707890962
2021-09-01,2.034515778068081,1.1580096279912404
2021-09-02,2.0476994752699356,1.1720466163125278
2021-09-03,2.0458175770785614,1.1736159380795097
2021-09-06,2.0567435654173782,1.1844891901653698
2021-09-07,2.0735053574978677,1.2005093665723985
2021-09-08,2.0946805919979625,1.2128948551937753
2021-09-09,2.0886101269661066,1.2184771697956793
2021-09-10,2.0739831551903203,1.2114855320349898
2021-09-13,2.081714981965095,1.2209889097030822
2021-09-14,2.0665145316800237,1.2045043681180037
2021-09-15,2.0808286622509593,1.2137610972150203
2021-09-16,2.0837472146632225,1.198165834269407
2021-09-17,2.0578726818522566,1.193922695944118
2021-09-22,2.0495137001272243,1.2016010170876303
2021-09-23,2.071220185073928,1.2101370560112303
2021-09-24,2.030969410862825,1.1885824942220937
2021-09-27,1.9893570422034064,1.155488582007215
2021-09-28,1.9885127383448982,1.1609503441864004
2021-09-29,1.973719062734477,1.129112106539043
2021-09-30,1.9929552792300043,1.1508515131800747
2021-10-08,2.0438631146318764,1.1686347473434893
2021-10-11,2.0357604265454246,1.167607627127383
2021-10-12,2.0163320634620567,1.1503089715117973
2021-10-13,2.024672727356796,1.1504694990121298
2021-10-14,2.017326187268897,1.156431452036637
2021-10-15,1.9937460957836164,1.1474493893555864
2021-10-18,2.001330785625113,1.1570612812964745
2021-10-19,1.9952349529591413,1.162956151323824
2021-10-20,1.9769117934071256,1.160185992272255
2021-10-21,1.9641892408590145,1.156229112307528
2021-10-22,1.9527988414152708,1.1450334638409714
2021-10-25,1.9468300121863682,1.1513987534958385
2021-10-26,1.9288886503117504,1.1464114198138786
2021-10-27,1.892500602331202,1.129041157508133
2021-10-28,1.8803969670227008,1.1103958150815463
2021-10-29,1.9140663561180475,1.1258244334310465
2021-11-01,1.9560225568991052,1.1372032187104055
2021-11-02,1.934925575487068,1.1211980756910624
2021-11-03,1.9668723868863922,1.1277358894119034
2021-11-04,1.9686224117207969,1.142177993910927
2021-11-05,1.960270604986244,1.1338506107364084
2021-11-08,1.9758522820524742,1.1405582682803588
2021-11-09,1.9831608399336669,1.1512135623488768
2021-11-10,1.9897992803775244,1.1560304819490455
2021-11-11,2.0061635638703517,1.1663893111545653
2021-11-12,2.0132467331640878,1.174233716309831
2021-11-15,2.0303962082107008,1.1818935709774716
2021-11-16,2.028789844019488,1.1751614530790948
2021-11-17,2.0490508758797867,1.1896202494850505
2021-11-18,2.0297928483567538,1.1838386025378194
2021-11-19,2.0467372311290584,1.1966560779321194
2021-11-22,2.0386320139637104,1.2043047569039271
2021-11-23,2.0421216277510803,1.2081625509044396
2021-11-24,2.0486829911608777,1.2114008433070915
2021-11-25,2.0558893914423817,1.2114976082094624
2021-11-26,2.047261340817879,1.2087836693605873
2021-11-29,2.0255930525179724,1.2061707115826414
2021-11-30,2.0543796981474114,1.2163516494116362
2021-12-01,2.072579376400307,1.2297852915676417
2021-12-02,2.061021558865367,1.2213572150358212
2021-12-03,2.068813183137045,1.2284616152306882
2021-12-06,2.0378398681367402,1.21688766339355
2021-12-07,2.030657318426811,1.2124438006548894
2021-12-08,2.041397682960976,1.2252473085299451
2021-12-09,2.0539543648523635,1.2317532495854344
2021-12-10,2.0817920142688457,1.2362718368552672
2021-12-13,2.1116968316810745,1.2407731465901342
2021-12-14,2.1202460029144463,1.2442458895404884
2021-12-15,2.1281228445351963,1.2477864846802342
2021-12-16,2.171610210710672,1.2588826431649098
2021-12-17,2.1971774516875966,1.2533834754418909
2021-12-20,2.191476817151158,1.2447419171471834
2021-12-21,2.224716916872644,1.265958437729608
2021-12-22,2.212230037743298,1.2700020075127263
2021-12-23,2.1867618464145813,1.2656834361670692
2021-12-24,2.1947414024701146,1.2480842797828862
2021-12-27,2.194493178221466,1.25405022840676
2021-12-28,2.2362308116715632,1.2584964861443957
2021-12-29,2.2513554557876323,1.2572296531869267
2021-12-30,2.256443434866567,1.2675708481729224
2021-12-31,2.256306325075609,1.2759595211221904
2022-01-04,2.300153984212039,1.2922924354879264
2022-01-05,2.281746756158813,1.276844000286931
2022-01-06,2.3059257607693366,1.288419309624045
2022-01-07,2.2717359522985032,1.2718082174306622
2022-01-10,2.2847130726504297,1.2810833314421628
2022-01-11,2.298213036427621,1.2773795204568261
2022-01-12,2.349426160528628,1.2927287306475213
2022-01-13,2.357920208604842,1.2825878445968792
2022-01-14,2.3094758793227794,1.2716037222578107
2022-01-17,2.3227508399135273,1.285383307632144
2022-01-18,2.2650167835665727,1.2726006224145623
2022-01-19,2.295446307896534,1.2735091645877716
2022-01-20,2.2400106601419347,1.2477909747435796
2022-01-21,2.2615381787108593,1.236350051733371
2022-01-24,2.237063165095906,1.232454692103235
2022-01-25,2.1823358841422564,1.1850520348262117
2022-01-26,2.2043491773891093,1.1937611849743348
2022-01-27,2.1717411641693984,1.1593314161243595
2022-01-28,2.2063237561298834,1.1713516171033858
2022-02-07,2.2133787547076746,1.1905506452014765
2022-02-08,2.2557908158945454,1.2108241769814088
2022-02-09,2.251295946097461,1.2267567480527122
2022-02-10,2.251036983954702,1.2277830651290653
2022-02-11,2.215758235795623,1.207593322884574
2022-02-14,2.2755905590606598,1.2072978813684996
2022-02-15,2.3032679655911874,1.2102202505147366
2022-02-16,2.350426488553242,1.2246018904299134
2022-02-17,2.345571807549711,1.2202665764012879
2022-02-18,2.356281050732729,1.2307727157671577
2022-02-21,2.3691880795162303,1.245858814626354
2022-02-22,2.3585019946723804,1.2333609885152519
2022-02-23,2.3621674485845876,1.2481069231238593
2022-02-24,2.324706099420975,1.2200054932361273
2022-02-25,2.35882144220217,1.2310642423074316
2022-02-28,2.362132304786715,1.2311524904420794
2022-03-01,2.3834230203624527,1.2418169902977707
2022-03-02,2.414210455939031,1.248809275450635
2022-03-03,2.4118562980958065,1.2508599294950407
2022-03-04,2.398196710201177,1.236257353317925
2022-03-07,2.3866762023081414,1.21909295013123
2022-03-08,2.336994128680393,1.1808289450278036
2022-03-09,2.3117089258478734,1.1641470688581907
2022-03-10,2.3527157281171,1.1838843551272729
2022-03-11,2.3860369715633167,1.1917158889455692
2022-03-14,2.339484275536718,1.161609876549043
2022-03-15,2.263672740168377,1.1003474968061342
2022-03-16,2.337396570055707,1.13379937938958
2022-03-17,2.3385347763186353,1.1531916462351521
2022-03-18,2.3957356295030894,1.1718611839736872
2022-03-21,2.420188514069721,1.1864986792565833
2022-03-22,2.4125519658823373,1.1884964915230893
2022-03-23,2.404637383238805,1.1918712601252865
2022-03-24,2.3959074218194,1.1800272930343898
2022-03-25,2.4344771343136453,1.1778173942231853
2022-03-28,2.434145850350172,1.175834166801555
2022-03-29,2.4148855771126696,1.1673122284690993
2022-03-30,2.4121937871841515,1.1849805181258446
2022-03-31,2.4296671873828353,1.1837198259159534
2022-04-01,2.4199315483393784,1.185103974070648
2022-04-06,2.4199315483393784,1.1993317721703713
2022-04-07,2.4199315483393784,1.1739013390264077
2022-04-08,2.4199315483393784,1.1708435040767906
2022-04-11,2.4199315483393784,1.1406504465324347
2022-04-12,2.4199315483393784,1.1607471255343174
2022-04-13,2.4199315483393784,1.1416441710308125
2022-04-14,2.4199315483393784,1.1526624106609535
2022-04-15,2.4199315483393784,1.134551382653938
2022-04-18,2.4199315483393784,1.1380773974952931
2022-04-19,2.4199315483393784,1.1451484543253994
2022-04-20,2.4199315483393784,1.133016193136355
2022-04-21,2.4199315483393784,1.0907302885018937
2022-04-22,2.4199315483393784,1.083468436135539
2022-04-25,2.4199315483393784,1.0068678066330534
2022-04-26,2.4199315483393784,0.9715347955947625
2022-04-27,2.4199315483393784,0.9969473993943434
2022-04-28,2.4199315483393784,0.9850452380674001
2022-04-29,2.4199315483393784,1.025256719490273
2022-05-05,2.4199315483393784,1.0433310041092285
2022-05-06,2.4199315483393784,1.0296335196887818
2022-05-09,2.4199315483393784,1.0470923874662652
2022-05-10,2.469613163120159,1.0622080724197935
2022-05-11,2.463568725673867,1.0642707246815875
2022-05-12,2.479671893733725,1.0718060554331748
2022-05-13,2.5087534744995263,1.0808375634036156
2022-05-16,2.5127527871953546,1.085266978523032
2022-05-17,2.493801493246812,1.0837082377340883
2022-05-18,2.5207767602958038,1.0913723996869593
2022-05-19,2.541043890958512,1.098835789560124
2022-05-20,2.536730314078596,1.1132888964848222
2022-05-23,2.554110370415336,1.1273035153802908
2022-05-24,2.484848870025902,1.084630894587105
2022-05-25,2.528558248866258,1.1076182775115255
2022-05-26,2.5479351808280573,1.1153196967557526
2022-05-27,2.545484599787853,1.1175659551585817
2022-05-30,2.5592681547467167,1.1283374804198432
2022-05-31,2.5667396190067273,1.1387992701864607
2022-06-01,2.597561132295976,1.1440769360690406
2022-06-02,2.6179884228812376,1.148950197632652
2022-06-06,2.6600165509293827,1.1635509486347402
2022-06-07,2.6309464053528173,1.1615748434075261
2022-06-08,2.6324572341561923,1.1624771374533713
2022-06-09,2.592780077591994,1.1447448780483525
2022-06-10,2.610254616288932,1.1635120131328565
2022-06-13,2.618122265228049,1.1655109779423305
2022-06-14,2.60593634589279,1.1711007999365817
2022-06-15,2.5974588384397026,1.1701461531072495
2022-06-16,2.6222538658623415,1.1755376830818753
2022-06-17,2.596748586551019,1.1797000256960224
2022-06-20,2.6237308257169243,1.1914920668392255
2022-06-21,2.622209280818499,1.185979595546765
2022-06-22,2.599616150437548,1.1734984983641705
2022-06-23,2.6162636208056482,1.19372326303595
2022-06-24,2.6268481527366268,1.204995232852785
2022-06-27,2.6214203313604134,1.2154919785850267
2022-06-28,2.6701281250053595,1.2326782174700972
2022-06-29,2.63419622912352,1.2095370117129196
2022-06-30,2.6327715818045796,1.2194475094278527
2022-07-01,2.631223268197474,1.218813828620015
2022-07-04,2.646068364006605,1.2264967965452396
2022-07-05,2.6086960082313224,1.2201226104475031
2022-07-06,2.5846134268871546,1.205794699617827
2022-07-07,2.5897262730035653,1.2152906405856605
2022-07-08,2.609947395572738,1.2165017793033752
2022-07-11,2.6227844253181294,1.2083432584317821
2022-07-12,2.5995219461407735,1.1952124069978234
2022-07-13,2.632034416455961,1.2100250506556378
2022-07-14,2.630970484218467,1.2113553686587215
2022-07-15,2.5791296367884846,1.18737459381245
2022-07-18,2.6422744244391825,1.2178734043017796
2022-07-19,2.6686269156285713,1.2299571976919799
2022-07-20,2.6767413667480655,1.2419227791632232
2022-07-21,2.67371111346829,1.2365855132590835
2022-07-22,2.6979042125473947,1.2354554118110772
2022-07-25,2.7079813560751007,1.2263610875250084
2022-07-26,2.7237912114313545,1.2413123809697406
2022-07-27,2.7320982580206024,1.2492825260583067
2022-07-28,2.7269777740608983,1.257594049014441
2022-07-29,2.737436903399495,1.2511257917864742
2022-08-01,2.7426785708045838,1.2555943147847914
2022-08-02,2.6687155357687575,1.207916527567124
2022-08-03,2.680461627371188,1.1993434547328232
2022-08-04,2.7191760590695293,1.2146850285726507
2022-08-05,2.71292514247371,1.2266030311537717
2022-08-08,2.7522596884425314,1.242469781170361
2022-08-09,2.761989075597388,1.2463178246251312
2022-08-10,2.821249416121579,1.249117823528161
2022-08-11,2.8615772689895183,1.2656602414717615
2022-08-12,2.9036420941380254,1.2658058866699915
2022-08-15,2.8561945759837672,1.2718492966779413
2022-08-16,2.8832468879504165,1.2830181511314982
2022-08-17,2.8736959009647154,1.2881822173822761
2022-08-18,2.8858053205068765,1.2861411943368015
2022-08-19,2.8539007458930388,1.275808340296319
2022-08-22,2.8572302284199966,1.2859599279886613
2022-08-23,2.852998248402697,1.2919856053804915
2022-08-24,2.795812867122412,1.2579131869951696
2022-08-25,2.7941075689897388,1.2585695858187602
2022-08-26,2.792638980229579,1.2539403609882616
2022-08-29,2.8118578432211474,1.2633442897145748
2022-08-30,2.833956894788145,1.2590358215797404
2022-08-31,2.8135086276435923,1.2285447063049317
2022-09-01,2.841589107044356,1.224622626662542
2022-09-02,2.875213886169019,1.2386485374273184
2022-09-05,2.8800659437930816,1.2452395765561513
2022-09-06,2.881486342579264,1.263634654909995
2022-09-07,2.8801040646768477,1.2659980726150473
2022-09-08,2.8818538301602152,1.2572808599284826
2022-09-09,2.847071392500588,1.2587113383347457
2022-09-13,2.8813640168099357,1.2617976924688952
2022-09-14,2.873712629319317,1.2511864784626296
2022-09-15,2.8486429541681018,1.2257547282651002
2022-09-16,2.771053794603322,1.193161020503491
2022-09-19,2.762008070639827,1.1810413546221117
2022-09-20,2.8024767094923635,1.1979844783626785
2022-09-21,2.8288941115045096,1.2038546534638626
2022-09-22,2.845557292873445,1.1979567354263783
2022-09-23,2.803634962006462,1.177000316794666
2022-09-26,2.7492250634568176,1.1536828342528191
2022-09-27,2.806307408798773,1.1792467955971415
2022-09-28,2.7743790435030813,1.1501004141802373
2022-09-29,2.7578125173927805,1.1423153371771895
2022-09-30,2.7459491463409282,1.131529084728285
2022-10-10,2.701054962487795,1.1151616787243197
2022-10-11,2.7238585874394152,1.1228636846679019
2022-10-12,2.777950073575611,1.150664279372345
2022-10-13,2.8289284268084844,1.1589373337951128
2022-10-14,2.8451657506499877,1.181778183045596
2022-10-17,2.89163561749442,1.1964820902651097
2022-10-18,2.884828495652038,1.2005969597072856
2022-10-19,2.8813452020483785,1.1909368404035792
2022-10-20,2.8785901689066162,1.1856798895288247
2022-10-21,2.9040361761232036,1.1860555629500782
2022-10-24,2.862333334439778,1.1678011446908905
2022-10-25,2.83424936357509,1.1655474849802439
2022-10-26,2.876232331584074,1.18419183032391
2022-10-27,2.907354467393957,1.1833606568369186
2022-10-28,2.835301918433432,1.141049778018248
2022-10-31,2.8809474779233364,1.1475430417371062
2022-11-01,2.9626866434689507,1.1775469190992547
2022-11-02,3.019729004541778,1.1924966793120908
2022-11-03,3.0869560755959324,1.1954941516170747
2022-11-04,3.15400905794858,1.2180450785312107
2022-11-07,3.1978858526171554,1.2288567554296796
2022-11-08,3.2014529363290216,1.229238968778773
2022-11-09,3.202759045837552,1.2316863928084636
2022-11-10,3.197508574503348,1.2287932814129172
2022-11-11,3.209853969418309,1.2381925347203404
2022-11-14,3.210076824970237,1.2358483017264776
2022-11-15,3.222577899782824,1.2568994602584638
2022-11-16,3.23472191675644,1.2550332324349052
2022-11-17,3.2550106831804047,1.2597373329746282
2022-11-18,3.2615963036438553,1.2510615408308219
2022-11-21,3.2503017917819412,1.2531255032156299
2022-11-22,3.248221662011491,1.242352394847492
2022-11-23,3.212889016206014,1.2381399217680262
2022-11-24,3.2867698837222195,1.2426074910899942
2022-11-25,3.265130265819855,1.238092310785082
2022-11-28,3.303960913983878,1.235208343666728
2022-11-29,3.3696572269470395,1.2599082531747536
2022-11-30,3.3755588788694553,1.2614376469115545
2022-12-01,3.3857358448033072,1.2695313609121763
2022-12-02,3.4579562101241423,1.2749171078317216
2022-12-05,3.4829220638713743,1.289815523848558
2022-12-06,3.459599568715405,1.2850684808298871
2022-12-07,3.4793453736567415,1.2861683329415272
2022-12-08,3.4757738512590794,1.2832066443890575
2022-12-09,3.4761622642169425,1.2810450270495493
2022-12-12,3.4524591771534765,1.2733022717000095
2022-12-13,3.472773297222704,1.274125738112677
2022-12-14,3.493865110437266,1.2715702404176243
2022-12-15,3.5024437359491136,1.272471711003567
2022-12-16,3.483216404955511,1.2629820934972371
2022-12-19,3.4271315450841753,1.2353974937035987
2022-12-20,3.4135409215113968,1.2292597660072737
2022-12-21,3.4032149201778648,1.2229355472301304
2022-12-22,3.3747066424553163,1.2072848471984374
2022-12-23,3.402089400398462,1.2029436451580475
2022-12-26,3.3975392622827507,1.2194628214488101
2022-12-27,3.3855918715088364,1.2272255324618881
2022-12-28,3.325871597618977,1.2154968500348784
2022-12-29,3.314158925499528,1.2091614039079628
2022-12-30,3.338251239177714,1.2190351680333462
2023-01-03,3.383700568929559,1.2416582398874563
2023-01-04,3.426704831180645,1.2479637870994664
2023-01-05,3.436794423888223,1.2543724408586547
2023-01-06,3.4053590400122404,1.250718980676612
2023-01-09,3.424144536648454,1.2580319121847914
2023-01-10,3.4219096591211233,1.2549260456030609
2023-01-11,3.3896521946460396,1.2464423473485495
2023-01-12,3.387355143349751,1.245271351770013
2023-01-13,3.4035337668403574,1.2522025894171138
2023-01-16,3.426306462790611,1.2632717532734634
2023-01-17,3.411737878290211,1.2609185776648708
2023-01-18,3.4565025647934458,1.2656953985487487
2023-01-19,3.4778522116485586,1.2708142213184113
2023-01-20,3.47867677198227,1.2828455500350344
2023-01-30,3.5183200488480564,1.2992576450223121
2023-01-31,3.5759979341504633,1.3048816980479
2023-02-01,3.6044872601702083,1.323504729198447
2023-02-02,3.5932632639575584,1.3255044505718985
2023-02-03,3.5903573202296557,1.321989162820504
2023-02-06,3.593952948679111,1.3183259521177173
2023-02-07,3.610848004620952,1.3262208540719818
2023-02-08,3.594723029821689,1.3198569419256314
2023-02-09,3.6160192427568174,1.3334469883486912
2023-02-10,3.6209978902747975,1.3327249596123152
2023-02-13,3.6338562354771855,1.345881677248194
2023-02-14,3.623890006934522,1.348282579244717
2023-02-15,3.6209285348730256,1.3479573309717514
2023-02-16,3.5723475635620985,1.3212436966779673
2023-02-17,3.5912347951628494,1.3178043079426216
2023-02-20,3.5913742899704846,1.3360751662935095
2023-02-21,3.5924871004895214,1.3435030776660872
2023-02-22,3.598142179578482,1.3446518638525462
2023-02-23,3.5904366887249988,1.342475997473327
2023-02-24,3.603735727461779,1.3393494125504222
2023-02-27,3.5756706506890805,1.3299620978625983
2023-02-28,3.6215988849063554,1.3423604789925299
2023-03-01,3.6399238874403084,1.3522657684217894
2023-03-02,3.6418201773505388,1.3488409136532757
2023-03-03,3.6216813109352457,1.3503164141525699
2023-03-06,3.6012732421203064,1.3501623388528194
2023-03-07,3.555970131818789,1.3257559397452825
2023-03-08,3.57778655294739,1.3337348014690003
2023-03-09,3.5794086921270702,1.33022674218389
2023-03-10,3.539684279853274,1.309308865298858
2023-03-13,3.537353853780562,1.3135544316123626
2023-03-14,3.4937562025052182,1.2968374437663737
2023-03-15,3.511928174828561,1.3111435528562998
2023-03-16,3.4891870997078205,1.2910883924556977
2023-03-17,3.503816635684222,1.2988233818562847
2023-03-20,3.4949989107341795,1.293627981883143
2023-03-21,3.589123202022366,1.3112193605360327
2023-03-22,3.6234775239466384,1.317264266240873
2023-03-23,3.611189835421925,1.3173208265094356
2023-03-24,3.5865323205417305,1.3164830966399932
2023-03-27,3.5745849353845185,1.3128566948032796
2023-03-28,3.5556737721660476,1.3057791604835978
2023-03-29,3.5126235080655683,1.29826736035427
2023-03-30,3.489233766131284,1.2950935389880722
2023-03-31,3.5205538974757817,1.3074400048030552
2023-04-03,3.51885700902807,1.3176379924897828
2023-04-04,3.51885700902807,1.307483415006976
2023-04-06,3.51885700902807,1.3026295769032672
2023-04-07,3.51885700902807,1.3126940886997607
2023-04-10,3.51885700902807,1.2982104023251824
2023-04-11,3.51885700902807,1.3002183256687152
2023-04-12,3.51885700902807,1.3076141849313603
2023-04-13,3.51885700902807,1.3036712093875036
2023-04-14,3.51885700902807,1.3061476725770376
2023-04-17,3.51885700902807,1.3110145439040761
2023-04-18,3.51885700902807,1.3058806611517806
2023-04-19,3.51885700902807,1.298819094695411
2023-04-20,3.51885700902807,1.2910865074642308
2023-04-21,3.51885700902807,1.260778652377002
2023-04-24,3.51885700902807,1.2551948672152928
2023-04-25,3.51885700902807,1.2329499239893393
2023-04-26,3.51885700902807,1.2441978844782002
2023-04-27,3.51885700902807,1.2469012752637538
2023-04-28,3.51885700902807,1.2688474401508918
2023-05-04,3.51885700902807,1.280099056005474
2023-05-05,3.51885700902807,1.272287346969359
2023-05-08,3.51885700902807,1.2793244614494925
2023-05-09,3.4934860541823163,1.2633945702130662
2023-05-10,3.5154233898691616,1.2660885835854332
2023-05-11,3.539929835726539,1.2722921379463608
2023-05-12,3.5183913439046655,1.2603495458204583
2023-05-15,3.5399355299783988,1.2688296682127964
2023-05-16,3.516286243537034,1.256735897366324
2023-05-17,3.563530234822098,1.2646154950193622
2023-05-18,3.5751546013361737,1.2670406764434468
2023-05-19,3.5574894712192298,1.265535995540759
2023-05-22,3.5740272221911074,1.270920047528019
2023-05-23,3.5768376895446305,1.2599420572195088
2023-05-24,3.5686591154368443,1.2544379921900468
2023-05-25,3.583451012079341,1.2518159367829271
2023-05-26,3.5842428495605594,1.256475625025985
2023-05-29,3.5501274990861975,1.2504254726885697
2023-05-30,3.575913695588556,1.25489104097405
2023-05-31,3.5520213936460086,1.251253485482094
2023-06-01,3.5382567947618453,1.2534554989854434
2023-06-02,3.576893296026152,1.26629248445849
2023-06-05,3.60300291238033,1.271763162909548
2023-06-06,3.552424887913755,1.2504350073155366
2023-06-07,3.5722241367054597,1.2552377155055323
2023-06-08,3.5686819903217595,1.2526989448701713
2023-06-09,3.5279225492361888,1.2569815002407612
2023-06-12,3.609563749066959,1.266662132121931
2023-06-13,3.62569504923456,1.270201891326756
2023-06-14,3.6268409343335284,1.2723870451774029
2023-06-15,3.6065451109782996,1.2777730332979418
2023-06-16,3.611777480421447,1.2859079877145185
2023-06-19,3.5752502297354143,1.2810716317566295
2023-06-20,3.5358151484958,1.2738374455487633
2023-06-21,3.516290609370933,1.2588833641210506
2023-06-26,3.5376919705438725,1.2405695472052318
2023-06-27,3.6252488015324627,1.2660010517930522
2023-06-28,3.6340679573797643,1.266029954093861
2023-06-29,3.663894922363158,1.2736853795755452
2023-06-30,3.7067234995190845,1.2883701403474248
2023-07-03,3.695000273812935,1.2975500517634746
2023-07-04,3.7771038646138404,1.3026528980880128
2023-07-05,3.7847548247337146,1.296088567472775
2023-07-06,3.7825015772793953,1.294553053236551
2023-07-07,3.7734314169958494,1.2914629318860031
2023-07-10,3.769747309759505,1.294043123454194
2023-07-11,3.7747277463468647,1.3029373046871693
2023-07-12,3.767810279807358,1.2903134062940462
2023-07-13,3.770469945173366,1.3006167870453569
2023-07-14,3.7740118415909927,1.2990116397622915
2023-07-17,3.7704606632116597,1.29647047743796
2023-07-18,3.8400162491697074,1.299017876224948
2023-07-19,3.8385513651178655,1.2995412285180354
2023-07-20,3.803287058663884,1.2887270784416667
2023-07-21,3.791306376874698,1.288674541064919
2023-07-24,3.808598427220793,1.2879974255392683
2023-07-25,3.8629209183751656,1.3097501741077509
2023-07-26,3.86142563386849,1.3071599956367768
2023-07-27,3.8478056063986563,1.3002604178930683
2023-07-28,3.8638587908818627,1.3128246243363155
2023-07-31,3.857061592259194,1.3266059447790752
2023-08-01,3.842067856388906,1.3246723529057836
2023-08-02,3.845209681608544,1.3227359281932467
2023-08-03,3.8217874299510735,1.3224374554906217
2023-08-04,3.7986733991847625,1.3215822902790446
2023-08-07,3.7755496906580532,1.3129716494148629
2023-08-08,3.8091375321219663,1.310479754313419
2023-08-09,3.766862568812419,1.2992703757583373
2023-08-10,3.782777629733743,1.3040308855477112
2023-08-11,3.7700643632947775,1.2827607137240185
2023-08-14,3.7821565979874814,1.287291836281107
2023-08-15,3.786905636166951,1.281827894957616
2023-08-16,3.7715327688977607,1.2725905454174897
2023-08-17,3.868507704023326,1.2869992881861996
2023-08-18,3.8303913009481128,1.2682547072937047
2023-08-21,3.8098498878546034,1.2593272749229196
2023-08-22,3.762763156327861,1.2612273217781549
2023-08-23,3.78804077373475,1.241373434756787
2023-08-24,3.7719928672959218,1.240033057508843
2023-08-25,3.697143250685482,1.2212867964238843
2023-08-28,3.7235512775171267,1.2357729602744238
2023-08-29,3.83293991543043,1.2677669602313353
2023-08-30,3.8504421618175355,1.2699197306008116
2023-08-31,3.860949088571921,1.2615284214245366
2023-09-01,3.872954694338616,1.2669747550641686
2023-09-04,3.9579817627698177,1.2880071372554964
2023-09-05,3.879175865069436,1.280188629967214
2023-09-06,3.875554699349445,1.282820297949262
2023-09-07,3.8571964220906203,1.2635578756519243
2023-09-08,3.802464098046011,1.2637615674526645
2023-09-11,3.817451398202042,1.2755414362840933
2023-09-12,3.784127619745989,1.2754625095835024
2023-09-13,3.770647613223432,1.264329133039401
2023-09-14,3.7585409777230634,1.257775994508898
2023-09-15,3.770608249204413,1.261280053797644
2023-09-18,3.8336020699832516,1.2705585788098126
2023-09-19,3.7921117853493262,1.2616627829455676
2023-09-20,3.7775961321745783,1.253967782559385
2023-09-21,3.765063332937124,1.2447452054541135
2023-09-22,3.797518551065966,1.2624674733599133
2023-09-25,3.802376784070881,1.255342741685474
2023-09-26,3.79145711119417,1.2490910924965035
2023-09-27,3.8123219442028717,1.2532787832847314
2023-09-28,3.855256595542431,1.2642546404267416
2023-10-09,3.8074029729139562,1.2561052915539872
2023-10-10,3.8012518717295665,1.2518025806844415
2023-10-11,3.798816703525332,1.250327471865498
2023-10-12,3.795744413944635,1.2595436183351911
2023-10-13,3.7406258985180982,1.2501101939758363
2023-10-16,3.7567540237978894,1.2465059416180313
2023-10-17,3.786703368275466,1.2443756153160914
2023-10-18,3.735239908925624,1.2243024699105975
2023-10-19,3.728415847891629,1.2112595645451087
2023-10-20,3.7327067715286875,1.2042270219269988
2023-10-23,3.6815377981490904,1.1776662067749966
2023-10-24,3.7716494157264076,1.2037406646267939
2023-10-25,3.8093729647012706,1.2214169652852103
2023-10-26,3.809379635440079,1.2245878613238776
2023-10-27,3.8133541149635732,1.2424016806243636
2023-10-30,3.8390144578076386,1.2526049513719133
2023-10-31,3.8321845605462928,1.2492714712044466
2023-11-01,3.8577617077800976,1.2526493282793116
2023-11-02,3.9023570837065735,1.243025535065843
2023-11-03,3.955746915069333,1.2537608275789636
2023-11-06,4.031558108497813,1.2733170070862792
2023-11-07,4.128981975871871,1.2780319391931096
2023-11-08,4.244542110512203,1.2788054577107058
2023-11-09,4.110864017211951,1.2723190506161588
2023-11-10,4.045218597073106,1.2710618193872287
2023-11-13,4.032946223934899,1.2823558092244811
2023-11-14,4.0153585577062785,1.286804703739484
2023-11-15,4.0154207563293225,1.2946805975223725
2023-11-16,4.003520809042474,1.2871254885677041
2023-11-17,4.019035438264199,1.2956128544374585
2023-11-20,4.090489050808949,1.3070536606725955
2023-11-21,4.147074908012041,1.3050327663918202
2023-11-22,4.141774915571558,1.2958283041614416
2023-11-23,4.15001772193421,1.307371856681057
2023-11-24,4.140018044798086,1.2963356249778772
2023-11-27,4.110254588673144,1.2934285190178305
2023-11-28,4.157458705999704,1.3017078307316698
2023-11-29,4.154431289144323,1.294480190371838
2023-11-30,4.131809292975576,1.290240812029271
2023-12-01,4.183097149456505,1.29693991153524
2023-12-04,4.233739887879021,1.2989070219617664
2023-12-05,4.258008804925475,1.2790692333488671
2023-12-06,4.259746227899322,1.285511065666081
2023-12-07,4.256646866655884,1.2816161201415328
2023-12-08,4.189683290166575,1.2667449984734704
2023-12-11,4.193234969995753,1.2796325706598393
2023-12-12,4.250289149220061,1.2882180947114044
2023-12-13,4.236050215094971,1.2809644737020716
2023-12-14,4.240725564341,1.2802269828554493
2023-12-15,4.256255130934555,1.276327563635181
2023-12-18,4.223567095952125,1.2604845858554463
2023-12-19,4.258991724907716,1.2586875425286095
2023-12-20,4.225982613963248,1.2448911139186414
2023-12-21,4.270078939748478,1.2544800909132325
2023-12-22,4.179970791675547,1.2400866148508543
2023-12-25,4.139047882030061,1.2351293624764703
2023-12-26,4.0911290134445375,1.2222499470799562
2023-12-27,4.134475682051741,1.2307045485776393
2023-12-28,4.15608618640931,1.2511330701156644
2023-12-29,4.219311933243192,1.2663342093453953
2024-01-02,4.297992224482052,1.2726728922024628
2024-01-03,4.2849052352423,1.2717206166720374
2024-01-04,4.3036559916357895,1.2689772667153156
2024-01-05,4.308147906485974,1.249870637428185
2024-01-08,4.294528719083711,1.228088080778132
2024-01-09,4.310482173443887,1.2354754745313807
2024-01-10,4.2682220009411225,1.2270563174767188
2024-01-11,4.300432125634701,1.2434874009525314
2024-01-12,4.266051292235669,1.2368976640044649
2024-01-15,4.292276491800843,1.2374162193300893
2024-01-16,4.280091179331066,1.2324772884795188
2024-01-17,4.221517466456965,1.2044399156391887
2024-01-18,4.143475224158244,1.1950962469269624
2024-01-19,4.133975682278678,1.18347280847885
2024-01-22,3.9476340527462574,1.1185954713568738
2024-01-23,3.918627125265098,1.1226820066916579
2024-01-24,3.9456744525604175,1.1441182295950214
2024-01-25,3.9893549010058296,1.1839851178962069
2024-01-26,4.0053947226312125,1.1859843561867747
2024-01-29,3.962841089032479,1.1546076246192019
2024-01-30,3.851604701314766,1.1197369362554468
2024-01-31,3.6829339990440184,1.0719726059713117
2024-02-01,3.66339722491147,1.0540456304315156
2024-02-02,3.66339722491147,1.0145189820989324
2024-02-05,3.66339722491147,0.9457175992884252
2024-02-06,3.633238705728699,0.9627334533419419
2024-02-07,3.410227218530946,0.9565539153819286
2024-02-08,3.386893709189507,1.0060240337035535
2024-02-19,3.400348709189507,1.0356473185503579
2024-02-20,3.4776601023194567,1.0478178758653607
2024-02-21,3.552593961835539,1.0649045269711617
2024-02-22,3.6706273495083965,1.085468466646364
2024-02-23,3.7547369422919767,1.1093151667980483
2024-02-26,3.8271595291314413,1.1214212534572099
2024-02-27,3.8780781379951583,1.1484276338267116
2024-02-28,3.686061119979871,1.0910333613901078
2024-02-29,3.69104841256263,1.1257164515076112
2024-03-01,3.698846616075937,1.1343798475410378
2024-03-04,3.7070665397584466,1.135248648048981
2024-03-05,3.7072795509174625,1.1216228923492044
2024-03-06,3.8109128161089028,1.1318694294810574
2024-03-07,3.872785467081034,1.1264793676475495
2024-03-08,3.9497777609887397,1.1359488151225547
2024-03-11,4.054962085535683,1.1554398118867175
2024-03-12,4.164676861090394,1.167430190564035
2024-03-13,4.26412985912478,1.167861932389565
2024-03-14,4.362552427639867,1.1640691979779263
2024-03-15,4.517244639406794,1.1796008781499032
2024-03-18,4.654002954010477,1.198988035423535
2024-03-19,4.781502897363456,1.195455763243943
2024-03-20,4.959545808519291,1.2076445618355574
2024-03-21,5.102809823003375,1.2113232771625944
2024-03-22,5.045129592519767,1.1953778255312675
2024-03-25,5.0331187100918156,1.1723705469042316
2024-03-26,5.038744966158642,1.1741537036835699
2024-03-27,4.941860604295706,1.1424080354320338
2024-03-28,5.007365002927911,1.1631557078343995
2024-03-29,5.064236105665495,1.1766852045139857
2024-04-01,5.083639592862803,1.201080437742175
2024-04-02,5.083639592862803,1.202087184241628
2024-04-03,5.083639592862803,1.1975143442822553
2024-04-08,5.083639592862803,1.1757985201806038
2024-04-09,5.083639592862803,1.1891000302198367
2024-04-10,5.083639592862803,1.167735798939539
2024-04-11,5.083639592862803,1.171753026861619
2024-04-12,5.083639592862803,1.164140524698691
2024-04-15,5.083639592862803,1.1319921799465111
2024-04-16,5.083639592862803,1.0682694088647828
2024-04-17,5.083639592862803,1.1191384596515868
2024-04-18,5.083639592862803,1.118881971957709
2024-04-19,5.083639592862803,1.113197458488809
2024-04-22,5.083639592862803,1.1033722401132353
2024-04-23,5.083639592862803,1.1044791293704541
2024-04-24,5.083639592862803,1.120429548425229
2024-04-25,5.083639592862803,1.125439755962302
2024-04-26,5.083639592862803,1.1396293433745606
2024-04-29,5.083639592862803,1.168399241015783
2024-04-30,5.083639592862803,1.16237235505902
2024-05-06,5.083639592862803,1.1871339518739688
2024-05-07,5.098776917698018,1.192151887820813
2024-05-08,5.06419969753173,1.1772622100086119
2024-05-09,5.082489659836384,1.1922525090323308
2024-05-10,5.072879928401004,1.1854336220468948
2024-05-13,4.995640622299051,1.1708627173592019
2024-05-14,5.036680987636714,1.1801989865152067
2024-05-15,5.09073489553937,1.173081226185767
2024-05-16,5.173359872513028,1.1771908870573489
2024-05-17,5.199892471700793,1.1907975184716975
2024-05-20,5.131941171760518,1.194780780986502
2024-05-21,5.093339924290254,1.1833603103165933
2024-05-22,5.140431223900384,1.1848709277828497
2024-05-23,5.006581470469622,1.158695102436802
2024-05-24,5.014954213426296,1.1502119800690063
2024-05-27,5.0594754250306195,1.1564062809997795
2024-05-28,4.980299048392036,1.1434720192549457
2024-05-29,5.131708200922976,1.1456386936729146
2024-05-30,4.978844127219902,1.1360139054130387
2024-05-31,5.0238716170400695,1.139506224967571
2024-06-03,4.906142861403779,1.1175872153738524
2024-06-04,4.920705138878725,1.114190784873008
2024-06-05,4.957174171112395,1.0930107775968438
2024-06-06,4.914257171112395,1.0585332760436383
2024-06-07,4.926472498112394,1.07789220084867
2024-06-11,4.9784862931111755,1.077527327402071
2024-06-12,5.1225240743961225,1.0906548222407324
2024-06-13,5.09093922686702,1.0804525175954707
2024-06-14,5.144186166554099,1.0837251926050597
2024-06-17,5.1429600218920335,1.0762229476327128
2024-06-18,5.185987189502455,1.0878155147159427
2024-06-19,5.199968303858867,1.0807071103646764
2024-06-20,5.114124543256035,1.0568866742190217
2024-06-21,5.108821737336934,1.056769600702274
2024-06-24,4.947251361283223,1.0223854138790964
2024-06-25,4.990550353500609,1.0252245121380577
2024-06-26,5.098051868979944,1.048875822486379
2024-06-27,5.053681346294522,1.0303145899290191
2024-06-28,5.0466116531821115,1.0348774308243722
2024-07-01,5.093729279108861,1.047717020012141
2024-07-02,5.172141251892981,1.0490173097363962
2024-07-03,5.163805134194638,1.0431480919185663
2024-07-04,5.002589509647256,1.0179243144157801
2024-07-05,5.073735487948217,1.0274205919377675
2024-07-08,4.93172168937153,1.0014643372941574
2024-07-09,4.880867708085303,1.0153651979281442
2024-07-10,4.781800650070805,1.0055295402222966
2024-07-11,4.8564806434704755,1.0349651513190072
2024-07-12,4.871187643470475,1.0337099139336972
2024-07-15,4.834661219253013,1.0210281866615243
2024-07-16,4.790587706235384,1.0208251839442244
2024-07-17,4.761483031606059,1.012731685783008
2024-07-18,4.758708394456143,1.0134887103085095
2024-07-19,4.800374581853178,1.0158114424625604
2024-07-22,4.8940694064001296,1.0177920194979313
2024-07-23,4.9202439236556925,0.9997654888947286
2024-07-24,4.915475090567956,0.9858241231785113
2024-07-25,4.882362811193144,0.9906353478220493
2024-07-26,4.892557868718385,1.0068369129874526
2024-07-29,4.9823312963305,1.00820933065548
2024-07-30,5.09379767456018,1.0142395915868387
2024-07-31,5.153935632876651,1.0466137737713888
2024-08-01,5.195374493486435,1.0471609443984324
2024-08-02,5.194334929806073,1.0379177516827434
2024-08-05,5.134753472621152,1.017714193209791
2024-08-06,5.280829624062712,1.0340262021941227
2024-08-07,5.356995206580535,1.033512720829094
2024-08-08,5.468731896770956,1.0345910390066198
2024-08-09,5.387943793999164,1.0273686709280963
2024-08-12,5.350823473207146,1.0198846670464474
2024-08-13,5.38784332830136,1.025065146861316
2024-08-14,5.370891910819183,1.0187486450235104
2024-08-15,5.405035559488538,1.0261841968578898
2024-08-16,5.356206943508397,1.017792731591058
2024-08-19,5.337091691503242,1.0168761255887797
2024-08-20,5.240295746861618,1.000123418565981
2024-08-21,5.229786189743964,0.9971626783231351
2024-08-22,5.1780570869721725,0.9842641589656378
2024-08-23,5.13677167924851,0.9808170319412971
2024-08-26,5.198633531474888,0.9909133858692974
2024-08-27,5.149865046409519,0.9793846849265072
2024-08-28,5.222140359623866,0.9833140016252983
2024-08-29,5.23411585427394,0.9950378331979411
2024-08-30,5.296388066378396,1.0123310871647608
2024-09-02,5.245471197585534,0.9991904763451582
2024-09-03,5.256822535241,1.0081126639321532
2024-09-04,5.231996714613144,1.001375671939325
2024-09-05,5.27608255707394,1.0103518920298038
2024-09-06,5.227505751273102,0.9959627081688003
2024-09-09,5.214220834315235,0.9935297981781557
2024-09-10,5.282203218609595,0.9959646717909123
2024-09-11,5.205695596960779,0.9898962804435445
2024-09-12,5.227404052968543,0.9889045828521529
2024-09-13,5.192138913659558,0.9791941383608539
2024-09-18,5.166138311285436,0.9752534218325086
2024-09-19,5.289229754448533,0.9984214970611277
2024-09-20,5.246283525453476,0.9967515955396465
2024-09-23,5.265678764333213,0.9996383545625518
2024-09-24,5.372025337436838,1.0339759362114824
2024-09-25,5.422023518034723,1.0467064609262937
2024-09-26,5.489009939883522,1.0832735974129528
2024-09-27,5.603154147883019,1.127088554342057
2024-09-30,5.897674278522544,1.2217892788110045
2024-10-08,6.263067156586049,1.27772769238099
2024-10-09,6.263067156586049,1.1810195252454885
2024-10-10,6.263067156586049,1.1854036579243907
2024-10-11,6.263067156586049,1.14985956863892
2024-10-14,6.263067156586049,1.1788475059232257
2024-10-15,6.30013033563011,1.1599869780425547
2024-10-16,6.371721465204574,1.1678825341171395
2024-10-17,6.377056364510021,1.157135595372226
2024-10-18,6.420039380006538,1.1845375396548157
2024-10-21,6.419055367296149,1.1965267158715063
2024-10-22,6.491030899632765,1.2158417759838147
2024-10-23,6.5694710112531745,1.2235859476361521
2024-10-24,6.565987253101821,1.224074477150732
2024-10-25,6.794718378799781,1.2497681713758937
2024-10-28,7.032255182100786,1.2846687173267266
2024-10-29,7.050671048111632,1.26390667915445
2024-10-30,7.130504909863217,1.2706362068756032
2024-10-31,7.285864931190602,1.2891615352081809
2024-11-01,7.019820306735853,1.2613329524833783
2024-11-04,6.938265864302182,1.2821872870649829
2024-11-05,6.978616922876388,1.3136184148530126
2024-11-06,7.031074834978305,1.3230817110719488
2024-11-07,7.145280756132737,1.3564844971943153
2024-11-08,7.084925483217696,1.3545353044941404
2024-11-11,7.178236049644709,1.3730501613241564
2024-11-12,7.154480215526793,1.3641489397735842
2024-11-13,7.205368910068674,1.3637582320801496
2024-11-14,7.101866963764907,1.3301383431268816
2024-11-15,7.046094469731089,1.3069828920886548
2024-11-18,6.966164304145384,1.2887854657560571
2024-11-19,7.033792011675244,1.312991647789492
2024-11-20,7.176958243614359,1.3388936366574857
2024-11-21,7.228533606399622,1.3452336267793192
2024-11-22,7.035843486088854,1.3036452925555662
2024-11-25,7.193734780209203,1.3197704196997595
2024-11-26,7.225608946749782,1.3125983580986165
2024-11-27,7.266404869237641,1.3285542528293712
2024-11-28,7.3629103123932556,1.3338581724335217
2024-11-29,7.502753396402022,1.3508614578448697
2024-12-02,7.658991230106121,1.3797140683917417
2024-12-03,7.74918091041959,1.3843847368851774
2024-12-04,7.762143389913738,1.367089884023178
2024-12-05,7.801703706220127,1.3821008786384263
2024-12-06,7.8024269060808615,1.399170950597651
2024-12-09,7.8141694083099775,1.3984871929550378
2024-12-10,7.795794368908312,1.4055686273738417
2024-12-11,7.869320617257781,1.4281965965116241
2024-12-12,8.041791156339341,1.4472293706046364
2024-12-13,7.999100158048508,1.4228674060825341
2024-12-16,8.160014748091314,1.418362938756921
2024-12-17,7.784494758383946,1.372726004646279
2024-12-18,7.737142519671591,1.3777792331582477
2024-12-19,7.747389389708251,1.3741702652339582
2024-12-20,7.826022378004966,1.3822424436817529
2024-12-23,7.709608091743009,1.3319905777743406
2024-12-24,7.621988483796841,1.3438454774071007
2024-12-25,7.464836814000819,1.3204802831576883
2024-12-26,7.576368691967224,1.3324904269616327
2024-12-27,7.63378098593875,1.3462624732050887
2024-12-30,7.56104426822707,1.3341143406253289
2024-12-31,7.449045851431077,1.3070538841183332
2025-01-02,7.4978319079382985,1.2861847715667545
2025-01-03,7.205434991499818,1.2434957996281597
2025-01-06,7.208337006927497,1.2387780546849152
2025-01-07,7.4347848071184055,1.2598727323243308
2025-01-08,7.44899137642904,1.2593049579516904
2025-01-09,7.4893855662662325,1.2611345588849314
2025-01-10,7.235472440535526,1.2296840538107263
2025-01-13,7.263678704586497,1.2294643180016611
2025-01-14,7.554020841367732,1.2792803754991287
2025-01-15,7.6076133670599875,1.2767811661244886
2025-01-16,7.631206737116061,1.2865143788252675
2025-01-17,7.5420109970803075,1.2875862389116521
2025-01-20,7.658416869461652,1.298473434614148
2025-01-21,7.558693069029403,1.294007903944553
2025-01-22,7.463375048987949,1.2805012022113331
2025-01-23,7.488061902151293,1.2781913432688115
2025-01-24,7.58324939985493,1.2878674912204766
2025-01-27,7.590413456285579,1.280912340254797
2025-02-05,7.688742958412926,1.2867122035234984
2025-02-06,7.738574571990463,1.3089910061514591
2025-02-07,7.722742129210468,1.3262987370632335
2025-02-10,7.799982007495003,1.3456746833813193
2025-02-11,7.790848559532562,1.343175603044897
2025-02-12,7.792033500175356,1.3545926662040337
2025-02-13,7.7259545504953335,1.3460362178708467
2025-02-14,7.700077134768319,1.3446444877080352
2025-02-17,7.822078809254424,1.3588118671706542
2025-02-18,7.706434518397968,1.3321399854911458
2025-02-19,7.751282351926273,1.3530616002045495
2025-02-20,7.808571539125979,1.362332917286061
2025-02-21,7.747465547538625,1.3670066022115677
2025-02-24,7.784103990350354,1.3729044824146845
2025-02-25,7.752317961280847,1.3649804682492346
2025-02-26,7.815058101146847,1.3837987950448267
2025-02-27,7.851647295438405,1.3839010393639093
2025-02-28,7.778724801051678,1.3512797673332586
2025-03-03,7.798061998887419,1.3551399730994584
2025-03-04,7.866093673662485,1.3677348297807437
2025-03-05,7.806597256336215,1.3696140507698416
2025-03-06,7.923390835237848,1.387533832073396
2025-03-07,7.839133266293179,1.383313569580606
2025-03-10,7.904462868818846,1.3910594769474407
2025-03-11,7.932967676820624,1.3994074181493066
2025-03-12,7.9392909467901,1.4067907103489543
2025-03-13,7.880180875164494,1.3962475630102729
2025-03-14,7.950258112325162,1.4173311715652177
2025-03-17,8.072116901214617,1.425222985258121
2025-03-18,8.15839245819227,1.4312387982162234
2025-03-19,8.100362533069758,1.4270568663118226
2025-03-20,8.09674203319891,1.427867111074525
2025-03-21,8.038742865829546,1.4099001611560655
2025-03-24,7.898691009176094,1.3914537733761219
2025-03-25,7.995059247830412,1.3891859894441614
2025-03-26,8.219519910610549,1.401264801670203
2025-03-27,8.191554856486684,1.393609781989765
2025-03-28,8.177416891339464,1.3760860593209343
2025-03-31,8.044734483049398,1.358992506065521
2025-04-01,8.04385839808303,1.3733456576149645
2025-04-02,8.04385839808303,1.3751830953661948
2025-04-03,8.04385839808303,1.3710739285977638
2025-04-07,8.04385839808303,1.2496861749867803
2025-04-08,8.04385839808303,1.2336660746212529
2025-04-09,8.04385839808303,1.257060046235366
2025-04-10,8.04385839808303,1.2887399190164786
2025-04-11,8.04385839808303,1.295548821947381
2025-04-14,8.04385839808303,1.3205451469382739
2025-04-15,8.04385839808303,1.3211369375128488
2025-04-16,8.04385839808303,1.305592118047499
2025-04-17,8.04385839808303,1.3140684146498778
2025-04-18,8.04385839808303,1.312361552079917
2025-04-21,8.04385839808303,1.33148132628447
2025-04-22,8.04385839808303,1.3360175138428114
2025-04-23,8.04385839808303,1.3401622546158378
2025-04-24,8.04385839808303,1.3332447158892158
2025-04-25,8.04385839808303,1.3376969113742299
2025-04-28,8.04385839808303,1.3190093719821
2025-04-29,8.04385839808303,1.3268417401813444
2025-04-30,8.04385839808303,1.3334875040746472
2025-05-06,8.188380963794627,1.3655963805279276
2025-05-07,8.201859242990347,1.3764457440448634
2025-05-08,8.285941939253433,1.387908731561954
2025-05-09,8.265533019859394,1.3784377102113698
2025-05-12,8.307117613867879,1.3929816226036293
2025-05-13,8.270932998756459,1.3930330031922356
2025-05-14,8.22439988143164,1.3975804950316704
2025-05-15,8.36778009729026,1.38818490395718
2025-05-16,8.372577991750578,1.3940314979862471
2025-05-19,8.458161472445886,1.4088037521855037
2025-05-20,8.53572672101021,1.4202734668718024
2025-05-21,8.485723415769597,1.4175656873835556
2025-05-22,8.388524313848698,1.4023759196592689
2025-05-23,8.428544731554874,1.3879413630262845
2025-05-26,8.424680471601233,1.3988809617280686
2025-05-27,8.482530542714487,1.4048282546389141
2025-05-28,8.44104980912155,1.402739550017562
2025-05-29,8.49501115091651,1.4198064307347338
2025-05-30,8.4151216962925,1.4046508923915466
2025-06-03,8.509908136381556,1.4141805918919959
2025-06-04,8.665008467574589,1.429652411923618
2025-06-05,8.588672835841786,1.4301332945415077
2025-06-06,8.685073928250578,1.4331977482004166
2025-06-09,8.734751325000047,1.4476220524990289
2025-06-10,8.664674861422975,1.4389426952261113
2025-06-11,8.694887797847667,1.4475228617642981
2025-06-12,8.673453387818231,1.4481508995302104
2025-06-13,8.543016020757076,1.425515742603352
2025-06-16,8.592395935180809,1.4342061254494236
2025-06-17,8.559833320838967,1.4339592724920593
2025-06-18,8.474391131020367,1.4257477024078955
2025-06-19,8.32054374733226,1.4021772835067954
2025-06-20,8.47097810745931,1.3947533753596746
2025-06-23,8.607344076133673,1.4132113956371595
2025-06-24,8.769772182333309,1.4378428207921872
2025-06-25,8.767945516004136,1.4496012536017382
2025-06-26,8.793381458533348,1.4469425945021472
2025-06-27,8.968604272073044,1.454135100089303
2025-06-30,8.936784369144803,1.4689688335470463
2025-07-01,8.948165127837658,1.4758370964920002
2025-07-02,8.966387991861044,1.4744912903034695
2025-07-03,8.971002617317456,1.4815978216542969
2025-07-04,8.885872339498897,1.4721197423686903
2025-07-07,8.997627064286771,1.4823530704512413
2025-07-08,9.022295982852173,1.496773404550553
2025-07-09,9.03126626039455,1.4961387398838657
2025-07-10,9.03361354900671,1.5033972194414438
2025-07-11,8.993202376777232,1.5077763754172666
2025-07-14,9.078561814122107,1.5144352279071638
2025-07-15,8.956740537370495,1.4990244667385477
2025-07-16,9.025938400106272,1.5069325667087716
2025-07-17,9.06237954527221,1.5168504287917794
2025-07-18,9.04257532928012,1.5204188511222396
2025-07-21,9.14287490795809,1.5418653461941336
2025-07-22,9.121930550906452,1.549529469569247
2025-07-23,9.13036889723231,1.539160619042266
2025-07-24,9.175311858487452,1.5570789413958634
2025-07-25,9.255728233136535,1.5563458704155282
2025-07-28,9.268369675580281,1.5588711130708113
2025-07-29,9.174134997613308,1.558409975217265
2025-07-30,9.205454901168071,1.5533401022112228
2025-07-31,9.100352802848137,1.532623834401566
2025-08-01,9.192053685417603,1.5386127055796033
2025-08-04,9.254767052125953,1.551655492645469
2025-08-05,9.37657144600081,1.5660008697429466
2025-08-06,9.406831327160214,1.5744365770724924
2025-08-07,9.392619155219522,1.5753690766740986
2025-08-08,9.486062137301916,1.5803981064870336
2025-08-11,9.59120609999189,1.597245957254871
2025-08-12,9.594817955384169,1.598258713538611
2025-08-13,9.532056827364057,1.6069022216804536
2025-08-14,9.450069224238575,1.5837498765008555
2025-08-15,9.36883432961176,1.605628861776941
2025-08-18,9.419300533685583,1.6217388927440404
2025-08-19,9.49996505563707,1.6318242911606444
2025-08-20,9.537577860797748,1.6477124706350157
2025-08-21,9.570248570786546,1.6472180790842976
2025-08-22,9.48884438959838,1.6534626988169157
2025-08-25,9.483932683276754,1.6690051595130402
2025-08-26,9.575494787446297,1.6772060146822134
2025-08-27,9.316977917256496,1.638705203648029
2025-08-28,9.287092644214953,1.6452266877455097
2025-08-29,9.254442756580245,1.6433603506540935
2025-09-01,9.343642832073071,1.657232137522263
2025-09-02,9.303633056776306,1.6384619736636439
2025-09-03,9.173823132946804,1.6091724326967085
2025-09-04,9.253042053042739,1.6032233815570482
2025-09-05,9.291603312384977,1.6327350701766712
2025-09-08,9.408650144402365,1.653339310729973
2025-09-09,9.407762176697984,1.6450912111051395
2025-09-10,9.448840514743901,1.648259778387204
2025-09-11,9.459530199662533,1.6673834378682617
2025-09-12,9.418442682326928,1.6679669326742785
2025-09-15,9.40640485675444,1.667442156698266
2025-09-16,9.486949195894807,1.6821121155673482
2025-09-17,9.44141457249105,1.6858016937755365
2025-09-18,9.29687645635713,1.6628477025013917
2025-09-19,9.265874810630466,1.6577955607783745
2025-09-22,9.182272626763996,1.6539084905458983
2025-09-23,9.07034861346815,1.6351534906917473
2025-09-24,9.244667306068019,1.656064941772785
2025-09-25,9.286027485190454,1.6468358886750392
2025-09-26,9.34445691160512,1.640111676743618
2025-09-29,9.379623176995683,1.6537079722345016
2025-09-30,9.393941058194772,1.6587518256882714
2025-10-09,9.34461595888175,1.672433386634195
2025-10-10,9.500965669373294,1.6774586010427812
2025-10-13,9.453527645538484,1.669966323418173
2025-10-14,9.487461093435872,1.6612606633422868
2025-10-15,9.540223238706037,1.6823651466396958
2025-10-16,9.460122270669014,1.6681785693720441
2025-10-17,9.448120328681735,1.6368437928374096
2025-10-20,9.534972855440481,1.654636749503203
2025-10-21,9.719839444727617,1.6795397434987216
2025-10-22,9.848230126680448,1.6788005931576158
2025-10-23,9.87843121779703,1.6845820783853303
2025-10-24,9.883579733085242,1.686862497475733
2025-10-27,9.829827102970237,1.6977108141564643
2025-10-28,9.887770997928596,1.6978262874303527
2025-10-29,9.82058553696878,1.7036509073565531
2025-10-30,9.80197528021003,1.6878493227955407
2025-10-31,9.887131865143951,1.699605111718075
2025-11-03,9.951166580241116,1.715031854660794
2025-11-04,9.959387049841888,1.7081375682737456
2025-11-05,9.987938556200907,1.7220759351270716
2025-11-06,10.02932676959436,1.7300516540921052
2025-11-07,10.012814070468686,1.730911311093137
2025-11-10,10.10310875794725,1.7453632218787305
2025-11-11,10.094925634161536,1.7505561124272093
2025-11-12,10.11068687196914,1.7428260279377348
2025-11-13,10.136358021183373,1.7617309482718624
2025-11-14,10.212931479720526,1.7576921980852778
2025-11-17,10.220399644851405,1.7601252864998982
2025-11-18,10.173151442645718,1.737478172684268
2025-11-19,10.002758014321484,1.7200835170197954
2025-11-20,9.924485111337617,1.7085129749852928
2025-11-21,9.597832241142415,1.6466216344698437
2025-11-24,9.697812926566128,1.6634591754590717
2025-11-25,9.798985534046281,1.6840385662279809
2025-11-26,9.732428197129346,1.6793735859588084
2025-11-27,9.835724138064716,1.6823202365921626
2025-11-28,10.011945996364682,1.7022741447371443
2025-12-01,9.980683315586004,1.7140019391315768
2025-12-02,9.997599320309837,1.7099858872414628
2025-12-03,10.07732253433383,1.701261240519308
2025-12-04,9.996681397030107,1.6875570041241827
2025-12-05,10.095741355446577,1.7081476262764559
2025-12-08,10.248162618817858,1.7181158588355647
2025-12-09,10.162053281156862,1.7063076248484141
2025-12-10,10.074742590222701,1.709850091622386
2025-12-11,9.943561775855102,1.6816479871758356
2025-12-12,9.8551755625881,1.6823117950019555
2025-12-15,9.879836105917354,1.6835912462134508
2025-12-16,9.770564182185256,1.6580985567693374
2025-12-17,9.943044469997265,1.6689891863253332
2025-12-18,10.085771849056064,1.6739835015731985
2025-12-19,10.189493382645654,1.7013104745493461
2025-12-22,10.191033235394272,1.7110884121820868
2025-12-23,10.102489432998484,1.7005954991532097
2025-12-24,10.122602951133201,1.717946995874241
2025-12-25,10.18854067687585,1.7326885944845336
2025-12-26,10.122381273716542,1.7354290758410185
2025-12-29,10.172175728648126,1.7309464788848645
2025-12-30,10.135216737451696,1.7266417934724876
2025-12-31,10.191149947455324,1.7277138330456425
2026-01-05,10.248136581168017,1.7467835889598704
2026-01-06,10.334670680599523,1.7713262195604909
2026-01-07,10.218495654407624,1.7719979754162372
2026-01-08,10.446442260741089,1.78711420641153
2026-01-09,10.590665739889257,1.8066552062900283
2026-01-12,10.832255507517013,1.8333484619756697
2026-01-13,10.80849132580784,1.8164476461722743
2026-01-14,10.792696395860851,1.8212239655725049
2026-01-15,10.786691530909307,1.8169514986797286
2026-01-16,10.76541340651729,1.8110114140339197
2026-01-19,10.919786001443056,1.8345316028570662
2026-01-20,10.929418418299795,1.8337019087308148
2026-01-21,11.055389964893473,1.8433285681507405
2026-01-22,11.171725165178094,1.8613644179904274
2026-01-23,11.145068923777469,1.8832210619014713
2026-01-26,11.11820121882777,1.86895185420407
2026-01-27,11.072720755904973,1.8598731239525526
2026-01-28,11.010957338344083,1.8570857176757798
2026-01-29,10.999903957783951,1.851010571840367
2026-01-30,11.150397546817645,1.8436046098475571
2026-02-02,11.104893488702928,1.8013141825826766
2026-02-03,11.3263191839237,1.8348550926900775
2026-02-04,11.387390208356365,1.8519598195509777
2026-02-05,11.403901843476099,1.8389010555293706
2026-02-06,11.467943044986573,1.8426993494264317
2026-02-09,11.566419177847553,1.8694637696738137
2026-02-10,11.569718033773674,1.869717280504135
2026-02-11,11.490554272334714,1.8691141644614935
2026-02-12,11.389263566349078,1.8620083744116633
2026-02-13,11.437889692904537,1.8465946022237159
2026-02-24,11.556446061676002,1.8764405704621596
2026-02-25,11.536883271378379,1.896322007930433
2026-02-26,11.478044819190439,1.8977310281802848
2026-02-27,11.56724185918445,1.9128861104697994
2026-03-02,11.249749818156737,1.8878232766549505
2026-03-03,11.097442488454483,1.8367907670213517
2026-03-04,11.031377949580971,1.8248523086653892
2026-03-05,11.104563345088032,1.8433043907786582
2026-03-06,11.324156239832572,1.872253039802357
2026-03-09,11.29163924854707,1.857862309241082
2026-03-10,11.467364316410094,1.8817437130886514
2026-03-11,11.424786737207231,1.884735394945943
2026-03-12,11.317203222475118,1.8770190794651833
2026-03-13,11.304694973049754,1.8640123373548199
2026-03-16,11.288108964911723,1.8621932595334756
2026-03-17,11.14196846162545,1.8359555496802298
2026-03-18,11.236595104516976,1.8460855522946102
2026-03-19,11.05266529980596,1.8036605193657305
2026-03-20,10.817849572350541,1.7657489207197
2026-03-23,10.608643245360645,1.6805071541148155
2026-03-24,10.910428517053663,1.735756165771009
2026-03-25,11.055701841918435,1.7717693413155156
2026-03-26,10.991963968861443,1.7511936087757325
2026-03-27,11.054880953012615,1.7739167389711958
2026-03-30,11.127045222899843,1.780652540563114
2026-03-31,11.036945392864473,1.7579151064821361
2026-04-01,11.12848451398297,1.7792463448057525
2026-04-02,11.12848451398297,1.7549964932526858
2026-04-03,11.12848451398297,1.7145160488571025
2026-04-07,11.12848451398297,1.73912235610916
2026-04-08,11.12848451398297,1.7944271261752633
2026-04-09,11.12848451398297,1.7767744047883123
2026-04-10,11.12848451398297,1.7907211981265967
2026-04-13,11.12848451398297,1.7935792475693058
2026-04-14,11.12848451398297,1.8052815753729305
2026-04-15,11.12848451398297,1.7983943127927342
2026-04-16,11.12848451398297,1.8210055861048502
2026-04-17,11.12848451398297,1.8192306703237646
2026-04-20,11.12848451398297,1.832260416492939
2026-04-21,11.12848451398297,1.8301440228090973
2026-04-22,11.12848451398297,1.833983662217361
2026-04-23,11.12848451398297,1.819888832605866
2026-04-24,11.12848451398297,1.8118187362766536
2026-04-27,11.12848451398297,1.8193990496015167
2026-04-28,11.12848451398297,1.807297362904611
2026-04-29,11.12848451398297,1.8306414231456924
2026-04-30,11.12848451398297,1.832698721616086
2026-05-06,11.12848451398297,1.8546640749250376
2026-05-07,11.12848451398297,1.86774836729617
2026-05-08,11.12848451398297,1.8846491173965019
2026-05-11,11.12848451398297,1.8953442362042774
2026-05-12,10.981930433510025,1.8786880985804268
2026-05-13,10.950843593969822,1.8924577996959238
2026-05-14,10.945408336505807,1.8606153994653454
2026-05-15,10.876068969690397,1.846143318910093
2026-05-18,10.959714161806358,1.841669035287165
2026-05-19,10.945736097412862,1.8554153896945818
2026-05-20,10.833752565013597,1.8388880948838948
2026-05-21,10.528582952172924,1.7943418629447065
2026-05-22,10.611935365677096,1.8166293359281454
2026-05-25,10.553549365677096,1.8160139388825778
2026-05-26,10.403986693189733,1.7997465637045735
2026-05-27,10.30003065490789,1.768506772315611
2026-05-28,10.27344592770754,1.7745777738170192
2026-05-29,10.246183362380378,1.7526579227730423
2026-06-01,10.361047149360667,1.777804285775845
2026-06-02,10.075662816078777,1.761416444569334
2026-06-03,9.928751727210283,1.7521675370244427
2026-06-04,9.778336230662067,1.7316670649400216
2026-06-05,9.784211556917867,1.7349853414489598
2026-06-08,9.784211556917867,1.6896998276551929
2026-06-09,9.76010104118432,1.7012583022241616
2026-06-10,9.717229887360912,1.6841942570808217
2026-06-11,9.635635921643656,1.6673288046417796
2026-06-12,9.75473477206938,1.6899455067245654
2026-06-15,9.593389300146027,1.7144225653006282
2026-06-16,9.557662482225776,1.7177364071156098
2026-06-17,9.4068459952178,1.7017086258203373
2026-06-18,9.375132931283057,1.689084984710509
2026-06-22,9.37933471467812,1.7013094724219913
2026-06-23,9.500777515268338,1.6998310173330793
2026-06-24,9.225663744009573,1.674906954432002
2026-06-25,9.139961051933714,1.6533441546928904
2026-06-26,9.086804452447792,1.613818850304159
2026-06-29,9.099838783432705,1.6147118070929616
2026-06-30,9.001357941456815,1.6211694636377467
2026-07-01,9.216078144003726,1.656344462733548
2026-07-02,9.208206154922744,1.6543366257188066
2026-07-03,9.367770140902627,1.6730422192949954
2026-07-06,9.322030542304638,1.660894669643751
2026-07-07,9.11160588894286,1.6168403729847711
2026-07-08,9.08633637522753,1.5974905223372011
2026-07-09,9.03283437522753,1.5982576934858483
2026-07-10,9.17746137522753,1.6151506115280818
2026-07-13,9.005896375227529,1.5644087105457924
2026-07-14,9.177613357427528,1.5887773637815659
2026-07-15,9.295036357427529,1.5987408553356313
2026-07-16,9.390376357427527,1.593045298745989
2026-07-17,9.126438357427528,1.5362830719072007
2026-07-20,8.885811357427528,1.5134919419677897
2026-07-21,8.752424343089816,1.5193234361888828
2026-07-22,8.709390183991788,1.5111604801139524
2026-07-23,8.787205686504114,1.5439031230736013
2026-07-24,8.713871686504115,1.503860316433715
2026-07-27,8.782327686504114,1.5442671333031
2026-07-28,8.873918524704116,1.5416229753863637
2026-07-29,9.060284524704116,1.5649997711396522
2026-07-30,9.073753524704115,1.5485465678826746
2026-07-31,9.217638524704116,1.57661010936686
2026-08-03,9.461463524704115,1.6001018784434655
2026-08-04,9.508245126004114,1.6155761973650575
2026-08-05,9.476733126004115,1.6350124926351262
2026-08-06,9.512582126004114,1.6411372835370492
2026-08-07,9.483574126004115,1.6459966161062816
2026-08-10,9.689495126004115,1.674229320608783
2026-08-11,9.666875101004115,1.6666303955937176
2026-08-12,9.696383101004114,1.685169722496372
2026-08-13,9.631645101004114,1.6671663482629457
2026-08-14,9.626186101004114,1.6635692478898159
2026-08-18,9.710196060604114,1.6862849719745836
2026-08-19,9.550706060604114,1.6316310815375499
2026-08-20,9.684531060604114,1.6495233127431392
2026-08-21,9.680655060604114,1.6487169663172931
2026-08-22,9.680655060604114,1.3189735730538346
2026-08-24,9.730377866704114,1.5827682876646014
2026-08-25,9.835184961304115,1.6061998406436027
2026-08-26,9.872728961304116,1.6150430875419395
2026-08-27,9.719884961304116,1.6279736961782683
2026-08-28,9.687581961304115,1.6390792047256637
