,nav,bench
2016-01-04,1.0,1.0
2016-01-05,1.0163820342129064,0.9828003786052675
2016-01-06,1.0346273674964006,1.0141735870244681
2016-01-07,0.9674407236920644,0.9213119914776824
2016-01-08,0.9693148504671175,0.9346006357829899
2016-01-11,0.9226731344801776,0.8633040010529188
2016-01-12,0.9276386981734281,0.8616019550802141
2016-01-13,0.9286797720636488,0.8268430341540542
2016-01-14,0.9474511979969799,0.8568464747535831
2016-01-15,0.9307030688117046,0.8198159770193295
2016-01-18,0.9331126156962487,0.8357299583279181
2016-01-19,0.9641775138507465,0.8730890909079502
2016-01-20,0.9655180188943757,0.8671425930935039
2016-01-21,0.9497925434896985,0.828202644105666
2016-01-22,0.9764014793715531,0.8439087312967982
2016-01-25,0.9943298134522597,0.8577027040472034
2016-01-26,0.9450592295952388,0.788165511418911
2016-01-27,0.9369744424606287,0.7778397249047583
2016-01-28,0.9205484304920165,0.7402904304876751
2016-01-29,0.9195985465364287,0.7705835558839566
2016-02-01,0.9195985465364287,0.7594960181543082
2016-02-02,0.9477956805156129,0.7885917304692284
2016-02-03,0.9569071952082766,0.7934340806250795
2016-02-04,0.9912894191282229,0.8136439507649312
2016-02-05,0.988184349370104,0.806024939861457
2016-02-15,0.9859452187750563,0.805223314181094
2016-02-16,1.0095800334043699,0.842209116063891
2016-02-17,1.020830831653016,0.8560436125442521
2016-02-18,1.0166395631982825,0.8563629202436167
2016-02-19,1.0238179937864609,0.8605395721377713
2016-02-22,1.0379586082614074,0.8827262154980454
2016-02-23,1.0363136083225688,0.8792635459832188
2016-02-24,1.0483247647222764,0.8854019006634307
2016-02-25,1.002042612527845,0.8089370744509523
2016-02-26,1.0015976944899583,0.8106197759685675
2016-02-29,0.9641034043968774,0.7603327105396243
2016-03-01,0.9874851340258716,0.7798890515440867
2016-03-02,1.0263525798558542,0.8245875516085474
2016-03-03,1.0308399939066903,0.8276194627030095
2016-03-04,1.0005178225044333,0.8013013634040662
2016-03-07,1.0310409951621902,0.823028126563788
2016-03-08,1.0381008261104072,0.828000434155955
2016-03-09,1.0235592277865448,0.8063217292117125
2016-03-10,1.0101092107410892,0.7913986355439676
2016-03-11,1.0177599929327816,0.7903394589886046
2016-03-14,1.0375873166370382,0.820831096356283
2016-03-15,1.0439368260091302,0.8149619064142641
2016-03-16,1.0568732465472608,0.8069577933584303
2016-03-17,1.07114739684887,0.8348864824425781
2016-03-18,1.086511239168364,0.8672787492211789
2016-03-21,1.1022610078418926,0.893155124867222
2016-03-22,1.1035200508290177,0.8904892811095511
2016-03-23,1.1056203047467896,0.8998409443681925
2016-03-24,1.0969125526536465,0.8855286157000868
2016-03-25,1.105463125596941,0.8944061559371599
2016-03-28,1.0973735293996476,0.889966672541754
2016-03-29,1.0811310948026744,0.8712035494119145
2016-03-30,1.1020059644557487,0.9048955545574611
2016-03-31,1.1142063509248759,0.9093272954123516
2016-04-01,1.1090548849540418,0.9072812478904582
2016-04-05,1.1090548849540418,0.9337221691078756
2016-04-06,1.1090548849540418,0.9392836935961871
2016-04-07,1.1090548849540418,0.9241841768104901
2016-04-08,1.1090548849540418,0.9169274154253723
2016-04-11,1.1090548849540418,0.9395867833794492
2016-04-12,1.1090548849540418,0.9341596086680295
2016-04-13,1.1090548849540418,0.9487238634236154
2016-04-14,1.1090548849540418,0.9612689326957518
2016-04-15,1.1090548849540418,0.9623674915051107
2016-04-18,1.1090548849540418,0.9479591443451096
2016-04-19,1.1090548849540418,0.9529540736917566
2016-04-20,1.1090548849540418,0.9065303442806442
2016-04-21,1.1090548849540418,0.8969016076543452
2016-04-22,1.1090548849540418,0.9050290559586172
2016-04-25,1.1133497369862562,0.9019654440062581
2016-04-26,1.1133497369862562,0.9142818122920615
2016-04-27,1.1133497369862562,0.912559283851846
2016-04-28,1.1133497369862562,0.9086045007422178
2016-04-29,1.1133497369862562,0.9091758841590186
2016-05-03,1.1378257773476463,0.9371764981257615
2016-05-04,1.1366900663949644,0.9387716965852815
2016-05-05,1.141150783258336,0.9451343685883566
2016-05-06,1.0887936150977997,0.9052213699540346
2016-05-09,1.0292727089729306,0.8642060067024794
2016-05-10,1.027095016094588,0.862774760585377
2016-05-11,1.0241530181200804,0.8571968731532443
2016-05-12,1.0238716379494592,0.8533288442092439
2016-05-13,1.0217779803692382,0.8512961910061903
2016-05-16,1.0264919042484175,0.868368931986183
2016-05-17,1.0230828825394322,0.8665144166701445
2016-05-18,0.9892476213857152,0.8382143151262748
2016-05-19,0.9907949034573351,0.8427051487185095
2016-05-20,0.998152438932256,0.8530297213022107
2016-05-23,1.0135477233735086,0.8673274819290461
2016-05-24,1.01579484309696,0.8584484563004866
2016-05-25,1.0131073975975,0.8565674775130987
2016-05-26,1.017993254172606,0.8605303181761188
2016-05-27,1.0211294195874514,0.8617733912313886
2016-05-30,1.0189390147613904,0.8576907268685638
2016-05-31,1.0458944058476904,0.8947337591607798
2016-06-01,1.0495255913875707,0.9011787687329346
2016-06-02,1.0542592866213532,0.9112493872757934
2016-06-03,1.0580022367265078,0.9151049158103512
2016-06-06,1.0644311160362474,0.9181314642153061
2016-06-07,1.0602230292627932,0.9209084809616753
2016-06-08,1.0603666691297042,0.9180777478370398
2016-06-13,1.014003544672196,0.8715043761601372
2016-06-14,1.0181999783942997,0.875174502625543
2016-06-15,1.0434174375654213,0.9051031073286107
2016-06-16,1.0408754604305617,0.9045504713937415
2016-06-17,1.0505853886530698,0.9119672368331342
2016-06-20,1.044349955955153,0.914315592789947
2016-06-21,1.044725805934944,0.905952863499159
2016-06-22,1.0570937307021862,0.9209462902438079
2016-06-23,1.0519950766202535,0.9178802021984822
2016-06-24,1.04819722521847,0.9078260845943182
2016-06-27,1.0623035069631421,0.929757488210141
2016-06-28,1.0711894934391089,0.9413639996888358
2016-06-29,1.0668957726864814,0.9455773451559996
2016-06-30,1.071481655648337,0.9456436193862862
2016-07-01,1.0681672124467545,0.9454971895048586
2016-07-04,1.0799405430690856,0.9654159080946921
2016-07-05,1.0846132042435903,0.9730404070927383
2016-07-06,1.0959766632412737,0.9800451273813111
2016-07-07,1.1025647859366352,0.9825956294746587
2016-07-08,1.1043979092365122,0.9801316175088418
2016-07-11,1.0978988256608704,0.9776312816209719
2016-07-12,1.1023429351621712,0.9902163487265773
2016-07-13,1.1103149623700144,0.9975593398103972
2016-07-14,1.112766860130806,0.9997063782249668
2016-07-15,1.1107118291377658,0.9977417505867004
2016-07-18,1.1091459653934808,0.9930648867340822
2016-07-19,1.1113519217012469,0.9971088599860833
2016-07-20,1.1152170809970852,0.9980985436008388
2016-07-21,1.1194924683735314,1.000773538327389
2016-07-22,1.1163647256059035,0.9910275909267963
2016-07-25,1.1150548271393061,0.9935108366244976
2016-07-26,1.1372802220780132,1.0072793833749516
2016-07-27,1.1036578730480457,0.9625128241428542
2016-07-28,1.0947431549816968,0.9629276269058695
2016-07-29,1.0910794709630358,0.9566509045562953
2016-08-01,1.0720711703970032,0.9398397984240663
2016-08-02,1.0847121202877699,0.950096247854769
2016-08-03,1.0923475951616857,0.9572290533980615
2016-08-04,1.0986727859169232,0.962957751434785
2016-08-05,1.097259757360354,0.9589537883531216
2016-08-08,1.1018545599577951,0.9710613088374073
2016-08-09,1.1079289908216432,0.980869564753642
2016-08-10,1.1079053268477899,0.9788141606679457
2016-08-11,1.095721577227624,0.9643733644566734
2016-08-12,1.1085478784947447,0.9763780671159372
2016-08-15,1.1212172430244192,0.9989830312845528
2016-08-16,1.1216840839088011,1.0063016851079767
2016-08-17,1.125354769858967,1.0111163729380115
2016-08-18,1.1253099776119655,1.0123988472845151
2016-08-19,1.1369530516279736,1.0143845576827717
2016-08-22,1.1315490679141107,1.0036252251295685
2016-08-23,1.1343237523825704,1.0064746821815675
2016-08-24,1.1401839465941492,1.009002125727136
2016-08-25,1.1360672428409273,1.0023591135716639
2016-08-26,1.1397285426765194,1.0067210836684486
2016-08-29,1.145008535991734,1.0102468125682338
2016-08-30,1.144714536988157,1.0110079540884533
2016-08-31,1.1470761576928443,1.013382474464879
2016-09-01,1.1414459366483327,1.0060370959834046
2016-09-02,1.1474266611100323,1.003565009034613
2016-09-05,1.1618270861676532,1.0094796893801954
2016-09-06,1.1841490275142195,1.0242197469792684
2016-09-07,1.1811139006504652,1.025583338636461
2016-09-08,1.1871217089230637,1.0306723108899718
2016-09-09,1.1811834638676155,1.0243833459454472
2016-09-12,1.1619929427196654,0.9933502326228055
2016-09-13,1.1717691774742949,1.0024372911449217
2016-09-14,1.1757019350469238,0.9979125108627003
2016-09-19,1.1951293208529317,1.011015423608264
2016-09-20,1.1981393561858527,1.012072568592106
2016-09-21,1.2083380165142557,1.0148730034871984
2016-09-22,1.2105643543883073,1.0213481405703864
2016-09-23,1.2185694404906318,1.0182783291484419
2016-09-26,1.186434288088787,0.9945149397831221
2016-09-27,1.187175084203167,1.002427719319197
2016-09-28,1.1901707745597534,1.001289153085596
2016-09-29,1.1978488125028863,1.0057014749918616
2016-09-30,1.207034188500269,1.0109644889303746
2016-10-10,1.221186343016373,1.0310741787881632
2016-10-11,1.238544927083876,1.0400550650712046
2016-10-12,1.235315991657376,1.0416861360580318
2016-10-13,1.2423666864795835,1.0443261116668958
2016-10-14,1.2436547507437457,1.0439151683203372
2016-10-17,1.2296731464365165,1.0348659097182977
2016-10-18,1.2420947118943402,1.0521785164025979
2016-10-19,1.2420291684547156,1.0535472672854482
2016-10-20,1.2422342398891937,1.0556612344625498
2016-10-21,1.2459863627795527,1.052369227018671
2016-10-24,1.2471649461897045,1.0628559283663157
2016-10-25,1.2466365187395285,1.0692499317999198
2016-10-26,1.2466786230261586,1.0656753095283356
2016-10-27,1.249037665638332,1.06670876435687
2016-10-28,1.2306005937521955,1.0571483366294292
2016-10-31,1.230845104815496,1.0572245685391548
2016-11-01,1.2456301732102026,1.070472531600943
2016-11-02,1.2444793920499222,1.065618295195517
2016-11-03,1.2489446122353798,1.0739305631949934
2016-11-04,1.2526460294895574,1.0734761780241344
2016-11-07,1.2602180403101286,1.0762893047346591
2016-11-08,1.2696920064698887,1.083924184451047
2016-11-09,1.265409686392855,1.0780388215974601
2016-11-10,1.2828452918898805,1.097002450890402
2016-11-11,1.2928293427211521,1.104491980928214
2016-11-14,1.3030658014678305,1.1088869277665878
2016-11-15,1.3050268922621533,1.1139562231011504
2016-11-16,1.3042442340146028,1.1140086829961318
2016-11-17,1.2966027151842041,1.1130583035833566
2016-11-18,1.2962389934764174,1.1099890123448584
2016-11-21,1.3049985807348279,1.1165025018160282
2016-11-22,1.3099937217178133,1.1276294233710216
2016-11-23,1.305558956791798,1.1208865728106288
2016-11-24,1.298919178091301,1.1168116537641577
2016-11-25,1.2952443761922001,1.1190944554588844
2016-11-28,1.2923321669008125,1.119804684213845
2016-11-29,1.2684015201859964,1.1072540085832876
2016-11-30,1.2638788667079173,1.1015508998579346
2016-12-01,1.2734544086888977,1.1101540743726022
2016-12-02,1.2552702211805924,1.0916023487715938
2016-12-05,1.249684244114158,1.084308832161692
2016-12-06,1.257548049007235,1.089013014631257
2016-12-07,1.269402342831397,1.1029694543933122
2016-12-08,1.2619334843963954,1.0982078741639576
2016-12-09,1.2614203680929765,1.0958308677450856
2016-12-12,1.2030481406951357,1.0412727383536098
2016-12-13,1.2088163754126415,1.0481636057550787
2016-12-14,1.2135961330496334,1.0446371147778197
2016-12-15,1.223305260110299,1.0552663453074105
2016-12-16,1.241896473881566,1.0666298638157952
2016-12-19,1.2440877987756433,1.068255258349682
2016-12-20,1.2675974229569051,1.066999262967804
2016-12-21,1.271073408739091,1.07774066191542
2016-12-22,1.2676694936855106,1.078670354567711
2016-12-23,1.2774652540449016,1.064226461608197
2016-12-26,1.281633436347314,1.0692763879814793
2016-12-27,1.3124126955226114,1.0727922118428475
2016-12-28,1.3113642048199015,1.0694076279757154
2016-12-29,1.3112117971173998,1.0667833659760126
2016-12-30,1.3130978903612296,1.0684159214802704
2017-01-03,1.3321218694938584,1.081251530062454
2017-01-04,1.3359305560446555,1.0938944363030003
2017-01-05,1.340350338260579,1.0954250786222284
2017-01-06,1.3298024516639497,1.0878697433506894
2017-01-09,1.332024424661027,1.0950500779235661
2017-01-10,1.3328644473076043,1.0926206265539837
2017-01-11,1.3059653835570664,1.0798654247775354
2017-01-12,1.2983279685776508,1.0695461046472114
2017-01-13,1.2721344357475364,1.0518458584718686
2017-01-16,1.2337949680845257,1.0134394294358118
2017-01-17,1.240979622753872,1.0247078347818623
2017-01-18,1.235850001894575,1.0228373808654199
2017-01-19,1.2352363386716299,1.0186126058071556
2017-01-20,1.2467670837143947,1.0353254836574486
2017-01-23,1.2532741298514924,1.0465496836244788
2017-01-24,1.2481378906483482,1.0442200120905467
2017-01-25,1.2520284389275276,1.0479458447556353
2017-01-26,1.2585322462841328,1.0548086798445413
2017-02-03,1.253593907680319,1.0524408415625823
2017-02-06,1.2648750761058614,1.0656967989675599
2017-02-07,1.2688683675478771,1.0683244057405212
2017-02-08,1.2726546235609233,1.0773898371338317
2017-02-09,1.2781073943814976,1.0868038439421033
2017-02-10,1.2733234646358527,1.0870848573913272
2017-02-13,1.276775775496336,1.09615879560436
2017-02-14,1.2762817570174558,1.097707410059244
2017-02-15,1.2643959981477642,1.0897842065036787
2017-02-16,1.2726099412230305,1.0990202587789764
2017-02-17,1.2642478346741637,1.089345584916264
2017-02-20,1.267353269218158,1.0995693875520338
2017-02-21,1.2741134771208371,1.110061140675199
2017-02-22,1.2761753936848268,1.115720968514716
2017-02-23,1.2769381508693967,1.1154759475167053
2017-02-24,1.2873467837185497,1.1196345319588488
2017-02-27,1.278926571005059,1.1112163017119534
2017-02-28,1.2845365818069086,1.117550790894242
2017-03-01,1.292718969540866,1.1213260624854582
2017-03-02,1.2852350221916153,1.115130921472499
2017-03-03,1.2859613781976562,1.1160126285282934
2017-03-06,1.2938341823303778,1.129529484245649
2017-03-07,1.2971070067804398,1.1336954257931393
2017-03-08,1.2976671398430726,1.1307112063374698
2017-03-09,1.2916205676981738,1.1214236840761715
2017-03-10,1.2896878176288218,1.1223585760249781
2017-03-13,1.2835169170736964,1.131501825680771
2017-03-14,1.2826049619810553,1.130912567991536
2017-03-15,1.2768693784438971,1.130641031224044
2017-03-16,1.288933974763276,1.1450830582841538
2017-03-17,1.2869985786655727,1.1355862050537175
2017-03-20,1.2924214849412046,1.1418807922730394
2017-03-21,1.2905068472339145,1.1460225791750183
2017-03-22,1.283937493293462,1.1418610762167545
2017-03-23,1.2793893780749506,1.1420700633895822
2017-03-24,1.2736690987660424,1.1472568285583118
2017-03-27,1.2739891164319845,1.1461980923944302
2017-03-28,1.2746935416290728,1.1423665102164102
2017-03-29,1.259313798541603,1.133216588505805
2017-03-30,1.2318950329570435,1.1092483383179403
2017-03-31,1.2311418398372005,1.111211573903206
2017-04-05,1.2322692744107309,1.1353081650692936
2017-04-06,1.2322692744107309,1.1402363128720008
2017-04-07,1.2322692744107309,1.140814352555652
2017-04-10,1.2322692744107309,1.128688277534543
2017-04-11,1.2322692744107309,1.1396556539492573
2017-04-12,1.2322692744107309,1.130148644697404
2017-04-13,1.2322692744107309,1.1344441899362496
2017-04-14,1.2322692744107309,1.1168047972215944
2017-04-17,1.2322692744107309,1.096035495262109
2017-04-18,1.2322692744107309,1.0851381439258196
2017-04-19,1.2322692744107309,1.072852240805389
2017-04-20,1.2322692744107309,1.0683326217254254
2017-04-21,1.2322692744107309,1.0628571467633345
2017-04-24,1.2322692744107309,1.0290048962358875
2017-04-25,1.2322692744107309,1.0333805383739147
2017-04-26,1.2322692744107309,1.0380520104793893
2017-04-27,1.2322692744107309,1.0450050835257176
2017-04-28,1.2322692744107309,1.052056114306411
2017-05-02,1.2331581179653053,1.052617361146891
2017-05-03,1.2302084173106658,1.0529067196564186
2017-05-04,1.228056395092918,1.048957002431464
2017-05-05,1.2068642376150405,1.0334649927834951
2017-05-08,1.196215617095096,1.0106980382447328
2017-05-09,1.2052538993386501,1.0182468194730137
2017-05-10,1.196643425956384,0.998705632386141
2017-05-11,1.1890035185731958,0.9926812270015509
2017-05-12,1.1851536436561434,0.9929713428738614
2017-05-15,1.1875482705974814,0.9965913136202584
2017-05-16,1.207717517926712,1.0178147587495443
2017-05-17,1.2125640076034383,1.0225332527955795
2017-05-18,1.2145603747928793,1.0153545166506996
2017-05-19,1.210598710540292,1.0148341866892558
2017-05-22,1.1837161832251617,0.9926673142326911
2017-05-23,1.1577266760381646,0.9617130828199875
2017-05-24,1.157752012781642,0.9664733452559131
2017-05-25,1.1594147375972872,0.9756341265905479
2017-05-26,1.1600822317486723,0.9778125166122401
2017-05-31,1.157533155189305,0.9767355710827541
2017-06-01,1.1402567037501958,0.9494507969026426
2017-06-02,1.138671531628544,0.9612943299541319
2017-06-05,1.138671531628544,0.9700052708699717
2017-06-06,1.1423558543677275,0.9753692143461666
2017-06-07,1.1639548554497756,0.9988931943091146
2017-06-08,1.1587633593812814,0.9991823026806947
2017-06-09,1.1603736774198143,1.0011181364412838
2017-06-12,1.1339162199653998,0.9849464790308807
2017-06-13,1.1476221953707886,1.0004452538705693
2017-06-14,1.1553833435920442,1.0005683581218272
2017-06-15,1.1762359732334124,1.0132650070518772
2017-06-16,1.1753321242571095,1.0114951156167362
2017-06-19,1.1906028100994352,1.0191181968415726
2017-06-20,1.1905621082029814,1.0199798095686141
2017-06-21,1.189301482245404,1.0214964698810103
2017-06-22,1.1716298115635104,1.0043011758740752
2017-06-23,1.1765274682566162,1.0053471365393074
2017-06-26,1.1863776053872308,1.0196122760323336
2017-06-27,1.1865395997779764,1.0227327809929265
2017-06-28,1.1810018233622857,1.0154704877290786
2017-06-29,1.188072841347962,1.020854018308694
2017-06-30,1.1928211318900512,1.0239611730213452
2017-07-03,1.1996057302237135,1.0325594080755214
2017-07-04,1.1981069784650653,1.0304346848994677
2017-07-05,1.2036385670256993,1.0398696441999746
2017-07-06,1.2025294143971967,1.0420548480592573
2017-07-07,1.2094024391379363,1.0481685521760833
2017-07-10,1.2036330115610994,1.0425772456613969
2017-07-11,1.2000599570870167,1.0303091979370165
2017-07-12,1.1937139806921238,1.0287582334427392
2017-07-13,1.192360648697972,1.0309851150187805
2017-07-14,1.1873357490032408,1.0270857005531064
2017-07-17,1.1355293430952647,0.9721512586236395
2017-07-18,1.1397082150672153,0.9819625264422651
2017-07-19,1.1479989047549795,0.9988928460796039
2017-07-20,1.1493654778440088,1.0046134308606822
2017-07-21,1.1463380687877154,1.0047605662310963
2017-07-24,1.1482216160714347,1.0122589460702416
2017-07-25,1.1517773293588347,1.009609171003475
2017-07-26,1.148208430990619,1.0096091563033187
2017-07-27,1.161419912229614,1.0206626546541113
2017-07-28,1.1582270434267534,1.0212880338895232
2017-07-31,1.1577648273407253,1.030047529429839
2017-08-01,1.1564951994073889,1.0312462576177268
2017-08-02,1.146628698469331,1.0223932442797354
2017-08-03,1.14987410244373,1.0266910225209642
2017-08-04,1.1441687162873746,1.0228548698368662
2017-08-07,1.1462965735443444,1.0314413312305815
2017-08-08,1.1463817119331394,1.0332363498664032
2017-08-09,1.1529496857582564,1.03678626730619
2017-08-10,1.1471855311001113,1.0281091399986697
2017-08-11,1.1487187177599953,1.0097861215929702
2017-08-14,1.1576220673230686,1.0275375251531405
2017-08-15,1.1622874715056992,1.0323254138021607
2017-08-16,1.1721876172522567,1.037351893120618
2017-08-17,1.1900749782983893,1.0466057807117786
2017-08-18,1.190354284050014,1.0444797253747253
2017-08-21,1.2109814042740235,1.0544169764898672
2017-08-22,1.2028492049884243,1.0497622253264869
2017-08-23,1.2027094343880287,1.0450079273750703
2017-08-24,1.1982199643392935,1.038966478921738
2017-08-25,1.2035455016236392,1.0521982651750836
2017-08-28,1.2114747981014025,1.0665245862510926
2017-08-29,1.2153514677498978,1.0671527967727688
2017-08-30,1.2111312908044776,1.0701163514937038
2017-08-31,1.2224226409875834,1.0765917482327811
2017-09-01,1.2311230667620037,1.0822895976276492
2017-09-04,1.2319052595565663,1.0858137444134635
2017-09-05,1.2348260869842227,1.0865574026338634
2017-09-06,1.2314711081693772,1.089733766719946
2017-09-07,1.231872109377247,1.0866034140737892
2017-09-08,1.2332876218884634,1.0900747567586282
2017-09-11,1.2395412218969044,1.1011545108636318
2017-09-12,1.233891391822661,1.0972527564031724
2017-09-13,1.2364533032969747,1.1031033736477063
2017-09-14,1.2332639693544356,1.1027832882305963
2017-09-15,1.2227992743512814,1.098411528813048
2017-09-18,1.2269329561011455,1.1049860113476373
2017-09-19,1.223558686827842,1.1018927626360093
2017-09-20,1.225979793200519,1.1108997569541956
2017-09-21,1.2242873470091755,1.100372172685122
2017-09-22,1.2387290836097804,1.0964979273503643
2017-09-25,1.2290346166802348,1.0823382543501474
2017-09-26,1.2229889340461078,1.0819234110203757
2017-09-27,1.2261213716749613,1.089795486077901
2017-09-28,1.219503724418917,1.0851058715711095
2017-09-29,1.2284052232875147,1.0938178348585461
2017-10-09,1.23687550823303,1.106776487021847
2017-10-10,1.2518220566363838,1.1166680717632707
2017-10-11,1.2490444180700686,1.1153122638382718
2017-10-12,1.243494746441449,1.1131262305187815
2017-10-13,1.2445816781471917,1.1199563469108054
2017-10-16,1.2284966767856018,1.1003441189331955
2017-10-17,1.226370147407805,1.1018695081005534
2017-10-18,1.2166253068170645,1.0924947112341534
2017-10-19,1.2027329200833359,1.079316590904606
2017-10-20,1.2156793630641043,1.0923550354217912
2017-10-23,1.2241631137213846,1.0998115165381657
2017-10-24,1.2127320802993524,1.094933296333351
2017-10-25,1.2217835620030506,1.1035951952629102
2017-10-26,1.2276822672825451,1.108323823604536
2017-10-27,1.2268317931274102,1.1023958474541613
2017-10-30,1.2157173803718955,1.0746750272435068
2017-10-31,1.227464106753269,1.0845044303603568
2017-11-01,1.2313436503041606,1.085398786039829
2017-11-02,1.2157984533952626,1.0744869041735332
2017-11-03,1.2202497645895563,1.0654204468852977
2017-11-06,1.2319046575330115,1.0763142509365198
2017-11-07,1.232916252653026,1.0826330175533745
2017-11-08,1.2385899565493528,1.0870871404282683
2017-11-09,1.2426344101410893,1.0932297298941664
2017-11-10,1.2412260040598395,1.0951080111268416
2017-11-13,1.2333836825518245,1.0961164335586253
2017-11-14,1.2231056623881007,1.0884148857830995
2017-11-15,1.2226395760186852,1.0796636424184445
2017-11-16,1.222950607578035,1.0753800060795815
2017-11-17,1.198376518992485,1.0365377688771806
2017-11-20,1.1988747279058298,1.0384469941917216
2017-11-21,1.203912532151394,1.0387518834964773
2017-11-22,1.2039839256964089,1.0377300395866738
2017-11-23,1.201959258299321,1.014360959301152
2017-11-24,1.2051351101527383,1.0161797461578794
2017-11-27,1.20202599036035,1.005339880783626
2017-11-28,1.2073524755876168,1.0193538514614162
2017-11-29,1.2016613658823723,1.021508834468807
2017-11-30,1.2071089793077325,1.0170366729297189
2017-12-01,1.2149276828629714,1.024161672881476
2017-12-04,1.1901788379861,1.0088822612025927
2017-12-05,1.163395579065614,0.9821958273481435
2017-12-06,1.1768679873303989,0.9910157608153712
2017-12-07,1.1728626180982678,0.9891958649561843
2017-12-08,1.1785809955900182,1.001026436952622
2017-12-11,1.1817346677290155,1.010969293509914
2017-12-12,1.1691080528564,0.9988241681831664
2017-12-13,1.179602666796406,1.0064893502751264
2017-12-14,1.1838525885585836,1.0086139472051123
2017-12-15,1.1860797801856464,1.0054835417351602
2017-12-18,1.172530662390979,1.0003317848520499
2017-12-19,1.1774820661008476,1.0068915816669088
2017-12-20,1.1648996900637834,0.996530147178293
2017-12-21,1.1618612739411518,0.9978994043156996
2017-12-22,1.1616322977994047,0.9968607901209515
2017-12-25,1.1473582325935752,0.9849743232008011
2017-12-26,1.1662192068924384,0.9952247297150011
2017-12-27,1.167821855794251,0.9916635262896221
2017-12-28,1.1693842905921679,0.996453191320702
2017-12-29,1.1811889225776988,1.0033157829855688
2018-01-02,1.1855294482352523,1.014316699753659
2018-01-03,1.1984318319099452,1.022841029854471
2018-01-04,1.1986386192425142,1.0253285997667994
2018-01-05,1.1949461026642727,1.0266850750375662
2018-01-08,1.1920674251088732,1.0300183241600591
2018-01-09,1.1926480452510224,1.0304149566101986
2018-01-10,1.1838885083158521,1.0218938350255442
2018-01-11,1.2016195267171326,1.027452999303469
2018-01-12,1.1920390162643448,1.0241099737712123
2018-01-15,1.1629629044981125,0.9988518589405633
2018-01-16,1.171812885197332,1.0079905823018573
2018-01-17,1.169837187124054,1.0075780499387148
2018-01-18,1.171757403188916,1.0105776997696765
2018-01-19,1.1673531702016722,1.0088811421900319
2018-01-22,1.1729047725733328,1.0135764012953408
2018-01-23,1.178046905423264,1.0166494376758874
2018-01-24,1.1842181612573723,1.0213796940920967
2018-01-25,1.1907939750017111,1.020365979497962
2018-01-26,1.203185389151222,1.01779260438901
2018-01-29,1.1964438165225355,1.0062081942246863
2018-01-30,1.1954689070305864,1.0049026183469751
2018-01-31,1.1619789763513837,0.9817166838353691
2018-02-01,1.130473245626148,0.9394127106907764
2018-02-02,1.1227270366263336,0.9326819885763749
2018-02-05,1.1215803074358914,0.9273937327351613
2018-02-06,1.0692493472774753,0.8751725284318488
2018-02-07,1.0824018591486773,0.8778292648194735
2018-02-08,1.0896395042930098,0.888266232476059
2018-02-09,1.0794038285049625,0.8563726165907787
2018-02-12,1.0871055940076275,0.8786025432397921
2018-02-13,1.0817479057323809,0.8810282360505317
2018-02-14,1.0871694342394425,0.8841333542579775
2018-02-22,1.0981146840330274,0.9008248469490788
2018-02-23,1.1020050868003006,0.9055984241264676
2018-02-26,1.1257605759098883,0.926373320894648
2018-02-27,1.1286400259650065,0.9270429005401889
2018-02-28,1.1249750060165105,0.9274450372646992
2018-03-01,1.1335280352425738,0.9394516988217808
2018-03-02,1.127672908936818,0.9357066305573675
2018-03-05,1.1318620523446596,0.9408773875728436
2018-03-06,1.1361865410949759,0.9534206112093596
2018-03-07,1.13783481303233,0.947928839446627
2018-03-08,1.1511503291025587,0.956974552062519
2018-03-09,1.1659595549342825,0.9701890760497108
2018-03-12,1.1761233581708428,0.9843179899497058
2018-03-13,1.1733614967111587,0.9792839144337353
2018-03-14,1.1634422477287794,0.9703123241989482
2018-03-15,1.148371973185558,0.9626067756954314
2018-03-16,1.1579850368424616,0.963066066487365
2018-03-19,1.1592935490480714,0.9653654642329997
2018-03-20,1.1659335659285723,0.968478828484927
2018-03-21,1.1694404043920754,0.9652521812678935
2018-03-22,1.1819438741651611,0.966985479359801
2018-03-23,1.1381760615343657,0.9137532000700815
2018-03-26,1.1439903076634734,0.9244396304628099
2018-03-27,1.1790649364714711,0.9473677190686781
2018-03-28,1.1784014636271527,0.9396430046253058
2018-03-29,1.2069461999559812,0.9509097479095344
2018-03-30,1.2277211061673308,0.962428515117227
2018-04-02,1.2174682597459319,0.9662484323574427
2018-04-03,1.2174682597459319,0.9581423064278588
2018-04-04,1.2174682597459319,0.9553226916184513
2018-04-09,1.2174682597459319,0.9580897748255437
2018-04-10,1.2174682597459319,0.9627753725908601
2018-04-11,1.2174682597459319,0.9700736990469234
2018-04-12,1.2174682597459319,0.9647112660194135
2018-04-13,1.2174682597459319,0.9611788386334025
2018-04-16,1.2174682597459319,0.9525696296118265
2018-04-17,1.2174682597459319,0.9329617669547629
2018-04-18,1.2174682597459319,0.9411027660485997
2018-04-19,1.2174682597459319,0.9451264854718621
2018-04-20,1.2174682597459319,0.9227048519404197
2018-04-23,1.2174682597459319,0.9168905633534605
2018-04-24,1.2174682597459319,0.9372098480966085
2018-04-25,1.2174682597459319,0.9403319495019858
2018-04-26,1.2174682597459319,0.9211780639417146
2018-04-27,1.2174682597459319,0.9224851532055676
2018-05-02,1.2174682597459319,0.9191964391036155
2018-05-03,1.2174682597459319,0.9285200737653373
2018-05-04,1.2174682597459319,0.9277144268626988
2018-05-07,1.2174682597459319,0.9442472953116243
2018-05-08,1.2195017569824187,0.9522637143866716
2018-05-09,1.2211323484021395,0.9528956354405559
2018-05-10,1.2331346810145392,0.9588129500196958
2018-05-11,1.2169036982619208,0.9495281271652403
2018-05-14,1.2085045363178244,0.9444214060011575
2018-05-15,1.2248792673696407,0.9547003709875658
2018-05-16,1.225435835257258,0.9513360530549207
2018-05-17,1.230177150197633,0.949487171845899
2018-05-18,1.2255623752405815,0.955127592881335
2018-05-21,1.2345102067391376,0.9678917839505748
2018-05-22,1.2465493494425561,0.972746041642142
2018-05-23,1.2366886651476034,0.9617074480119248
2018-05-24,1.2343120948643824,0.9604093601518643
2018-05-25,1.230882039561064,0.9537694033130232
2018-05-28,1.2141406316893404,0.9453173158779319
2018-05-29,1.2077723174771802,0.9375882686078406
2018-05-30,1.1640733333485425,0.9018106524602478
2018-05-31,1.182860484858083,0.918509876744639
2018-06-01,1.1838305799527473,0.9108043768244448
2018-06-04,1.1812296542499363,0.9087362040569696
2018-06-05,1.1888464825847993,0.9225098956363144
2018-06-06,1.1913182637962714,0.9251132473017345
2018-06-07,1.1729935749389222,0.9180949984757062
2018-06-08,1.1653094483707156,0.9064206779101388
2018-06-11,1.1548061857758072,0.900677594900787
2018-06-12,1.156012876749379,0.9073618740966038
2018-06-13,1.1380026337827258,0.8911546362068539
2018-06-14,1.1320586098607555,0.8874526442932298
2018-06-15,1.113026478713822,0.8664131758830207
2018-06-19,1.0927620546292527,0.8028031284984084
2018-06-20,1.089208787203561,0.8107452526224103
2018-06-21,1.084528787203561,0.7893710873377952
2018-06-22,1.081603787203561,0.8007064994317117
2018-06-25,1.0798487872035611,0.7980808006092073
2018-06-26,1.1019894310780234,0.8048890532996372
2018-06-27,1.1017931918756043,0.8004372158326774
2018-06-28,1.0880322655418673,0.7914354817459043
2018-06-29,1.1120631305545723,0.8139577693056856
2018-07-02,1.100380474451415,0.802487218499976
2018-07-03,1.1155256456244866,0.8133234980240123
2018-07-04,1.10776490241584,0.7993987974331589
2018-07-05,1.0850831741351552,0.7772883004309474
2018-07-06,1.1043743667684434,0.7802689400297488
2018-07-09,1.1160075122924682,0.7974814872734429
2018-07-10,1.1214769304126848,0.8046086503835562
2018-07-11,1.0986835309875915,0.7846829638933482
2018-07-12,1.116198185325391,0.8053055521909196
2018-07-13,1.1351892345250598,0.808348491995694
2018-07-16,1.1397461588524243,0.8087792883503825
2018-07-17,1.14542929751543,0.8108249002691786
2018-07-18,1.1474172498707715,0.8086286577674849
2018-07-19,1.1348811111011985,0.7991617097370634
2018-07-20,1.1468767508111888,0.8087096604533853
2018-07-23,1.1504095131885466,0.815430565577832
2018-07-24,1.1596195566923404,0.8313087276718477
2018-07-25,1.1730721633853711,0.833102327199463
2018-07-26,1.180706137815029,0.8336222656255964
2018-07-27,1.1766384268975763,0.8300917861925903
2018-07-30,1.1664676114204742,0.8189020798364463
2018-07-31,1.1673738685404114,0.8205295672001932
2018-08-01,1.1607015972397656,0.8073039051746457
2018-08-02,1.1299649604453617,0.7855192688714064
2018-08-03,1.1332062687733429,0.7776749585991249
2018-08-06,1.1278383401781795,0.7619111732678687
2018-08-07,1.1414492442489304,0.7825447755978991
2018-08-08,1.1317443711884356,0.7717751898068629
2018-08-09,1.146462722055149,0.7874674938640702
2018-08-10,1.1509993794022535,0.7919219207391189
2018-08-13,1.165648226249355,0.7931520657850656
2018-08-14,1.1688299835471454,0.7935842793270866
2018-08-15,1.1548820288822468,0.7782834846189636
2018-08-16,1.1459723565548041,0.7702618853399775
2018-08-17,1.1288830431194745,0.7564212662025205
2018-08-20,1.1304134623286342,0.7596663472538228
2018-08-21,1.1383499280064773,0.768192083117322
2018-08-22,1.130260762252853,0.7599147808325553
2018-08-23,1.136007727642035,0.7638710748369402
2018-08-24,1.1504633573864462,0.7620558283879905
2018-08-27,1.1642516359931567,0.7768026747832981
2018-08-28,1.1773241323992931,0.7781440620570895
2018-08-29,1.1760195765674277,0.7741296773412543
2018-08-30,1.1633046504511324,0.7628824406914115
2018-08-31,1.161682463771796,0.7548377780467694
2018-09-03,1.1593578187330014,0.753361551412803
2018-09-04,1.1717906263499325,0.7622753352664057
2018-09-05,1.1624182517867427,0.7524620736630655
2018-09-06,1.1630527563132487,0.7491237062422406
2018-09-07,1.167746676501311,0.752072059159417
2018-09-10,1.1537928921789466,0.7389417894760603
2018-09-11,1.155197112066844,0.7395836676939189
2018-09-12,1.156435176838147,0.7400416689086464
2018-09-13,1.1663485884170652,0.7462932545058661
2018-09-14,1.1618478197253796,0.7400849281235493
2018-09-17,1.1512476112571772,0.7277617761480736
2018-09-18,1.162628117786567,0.7404534770149375
2018-09-19,1.1731425464059115,0.7485945935474991
2018-09-20,1.1878022451417671,0.7474570268320256
2018-09-21,1.1909045555233793,0.7571597594474535
2018-09-25,1.1784572616200037,0.7548156521894671
2018-09-26,1.1832533302098174,0.7579596775004455
2018-09-27,1.1662146693080067,0.7456410590910502
2018-09-28,1.1734497464533127,0.7527442191953995
2018-10-08,1.1466829783840011,0.7289439937030654
2018-10-09,1.1478005890219851,0.7315159250776666
2018-10-10,1.159257992447401,0.7335160455249955
2018-10-11,1.104809873976007,0.678488494159083
2018-10-12,1.1009116678851736,0.6718766590513552
2018-10-15,1.098933519786,0.6625007969682212
2018-10-16,1.0839084323811088,0.649655351034968
2018-10-17,1.1020491566097663,0.6548591938671304
2018-10-18,1.0746996466872976,0.6337775298444142
2018-10-19,1.087490678549442,0.6462686101545737
2018-10-22,1.1461923733456034,0.6789090215565267
2018-10-23,1.1581625597438845,0.6707432283317893
2018-10-24,1.1560117797755962,0.6724714356129423
2018-10-25,1.14927964888465,0.6692386986485902
2018-10-26,1.1489981896281003,0.6733140511313153
2018-10-29,1.1546113312218609,0.6635675145258851
2018-10-30,1.1683931406361905,0.6721403501371402
2018-10-31,1.1765964137256482,0.6829349437532511
2018-11-01,1.1778105368671585,0.6861748961484478
2018-11-02,1.204617178033435,0.7048248082879457
2018-11-05,1.2260093041640876,0.7114252986261682
2018-11-06,1.2191773722305752,0.7108101019401843
2018-11-07,1.2151008508161592,0.708650906048998
2018-11-08,1.2353441480385674,0.7088995206181569
2018-11-09,1.2248282063051006,0.707231355630042
2018-11-12,1.257880609364063,0.7274889632435273
2018-11-13,1.2766431070007245,0.7426897511249875
2018-11-14,1.285669340379965,0.7423746139220867
2018-11-15,1.314101417945977,0.7553531020652549
2018-11-16,1.3141001370285652,0.7641800715138545
2018-11-19,1.311359181420546,0.7689465402570322
2018-11-20,1.2917840344838796,0.7481681397618011
2018-11-21,1.2996839704405136,0.7548173163987851
2018-11-22,1.3023372436085336,0.7560832979486678
2018-11-23,1.2585683060023798,0.7234166759402502
2018-11-26,1.2577225174682831,0.7215929295829618
2018-11-27,1.2836312326380523,0.7267992511766093
2018-11-28,1.294908652269236,0.7347674247283044
2018-11-29,1.254745879088332,0.7174754532118526
2018-11-30,1.2643136001143367,0.7219445704586999
2018-12-03,1.2914967367790529,0.7448866630160853
2018-12-04,1.2990052286290397,0.7514480916003191
2018-12-05,1.287045096703214,0.7450517669648876
2018-12-06,1.2714825569807655,0.7327936210004479
2018-12-07,1.2849734482889528,0.7334793724386645
2018-12-10,1.2763984734325633,0.7247028352016173
2018-12-11,1.2833818498741416,0.7309558451758136
2018-12-12,1.287908333523014,0.7316617291942688
2018-12-13,1.2954854837592544,0.7380691215480674
2018-12-14,1.260047692034851,0.7201088927452953
2018-12-17,1.2602633578207327,0.7207856354978651
2018-12-18,1.2563417200376332,0.7161971913901996
2018-12-19,1.242064792823063,0.7080834446744502
2018-12-20,1.247943716574202,0.71103847571769
2018-12-21,1.2471421733023997,0.7056834133390067
2018-12-24,1.2592794715227797,0.7112061055509532
2018-12-25,1.2509569753954202,0.7025108827369168
2018-12-26,1.2579298788212856,0.7018446581514758
2018-12-27,1.2483871318107658,0.6908981090721033
2018-12-28,1.2520660137253965,0.6918192429765105
2019-01-02,1.2718053964738416,0.6899028265712766
2019-01-03,1.278294531300535,0.6866666278652733
2019-01-04,1.2915209250640194,0.7037322316878547
2019-01-07,1.3058305085283233,0.7172978555620125
2019-01-08,1.3064092846604352,0.7170425912175499
2019-01-09,1.3073439267633897,0.7199884832552982
2019-01-10,1.305995586677421,0.7186805937527833
2019-01-11,1.3143882612842899,0.7249847561842827
2019-01-14,1.3057321338408447,0.7215819983997679
2019-01-15,1.3157933504886679,0.7292772886104757
2019-01-16,1.318557571837787,0.7281885036381268
2019-01-17,1.3052928544429652,0.7222066482508521
2019-01-18,1.311436564179475,0.7267674128194003
2019-01-21,1.3163153573412856,0.7308970470498499
2019-01-22,1.3067885998586573,0.7240994032791119
2019-01-23,1.3056534578194205,0.7256285785252435
2019-01-24,1.305204615663166,0.7281745546799852
2019-01-25,1.2912441824771248,0.7227492751964297
2019-01-28,1.280167542049784,0.7175230651055947
2019-01-29,1.2465922192284355,0.704324336584182
2019-01-30,1.234013305912414,0.6943095631860272
2019-01-31,1.2169526167934968,0.6812858668930141
2019-02-01,1.223749731078962,0.6994451373143983
2019-02-11,1.228632268582639,0.7180542465702229
2019-02-12,1.242745698819886,0.7284688114918769
2019-02-13,1.2537597597563113,0.7406946104788883
2019-02-14,1.2546522688628285,0.7443843393269355
2019-02-15,1.2626809815857425,0.7434454569103295
2019-02-18,1.2817668307014451,0.7676695505279648
2019-02-19,1.2827208707410536,0.7711349728936594
2019-02-20,1.2877509779312881,0.7734081099020135
2019-02-21,1.2810090450536404,0.7710740020257301
2019-02-22,1.2900341302089249,0.7872401462664682
2019-02-25,1.3119117366643316,0.826436836524052
2019-02-26,1.3093991659251503,0.8260971485046951
2019-02-27,1.30964663279197,0.8263476429939743
2019-02-28,1.3136844923565671,0.8293158492743121
2019-03-01,1.3215410950752464,0.8349115187917171
2019-03-04,1.3292299128492875,0.849419257839517
2019-03-05,1.343044151290374,0.8702136367991322
2019-03-06,1.3507256902287754,0.8897092232783298
2019-03-07,1.3640122762958673,0.9057102188520487
2019-03-08,1.3249761351309062,0.8622179353473427
2019-03-11,1.355369324856597,0.8966544816663539
2019-03-12,1.3639490855946526,0.9135234799904652
2019-03-13,1.3583608044921816,0.8989773162369478
2019-03-14,1.3344413653864098,0.8746097553326694
2019-03-15,1.3495309229610362,0.8900148443751739
2019-03-18,1.3696337927842686,0.9118726451947962
2019-03-19,1.3709836451395179,0.9158060831317517
2019-03-20,1.3693859620948579,0.918110739869639
2019-03-21,1.3790825958755384,0.9285744712626495
2019-03-22,1.374394855573976,0.9344108207613697
2019-03-25,1.3709676485906312,0.9255848926265239
2019-03-26,1.3447613894433093,0.9019410868944716
2019-03-27,1.3543313757783233,0.908380911692703
2019-03-28,1.3600474146081494,0.8958321990545199
2019-03-29,1.3879655235858128,0.919600084524477
2019-04-01,1.4010936480791498,0.951985616343557
2019-04-02,1.4010936480791498,0.9579598782093243
2019-04-03,1.4010936480791498,0.969849189741584
2019-04-04,1.4010936480791498,0.9749092717758993
2019-04-08,1.4010936480791498,0.9736539466549883
2019-04-09,1.4010936480791498,0.9772325994103351
2019-04-10,1.4010936480791498,0.9776117837352108
2019-04-11,1.4010936480791498,0.9613173295410878
2019-04-12,1.4010936480791498,0.9613852157314773
2019-04-15,1.4010936480791498,0.9542426947335229
2019-04-16,1.4010936480791498,0.9720439014351212
2019-04-17,1.4010936480791498,0.9807056594093875
2019-04-18,1.4010936480791498,0.9744840660527453
2019-04-19,1.4010936480791498,0.9812287360372316
2019-04-22,1.4010936480791498,0.9692127854414456
2019-04-23,1.4010936480791498,0.9525898196889708
2019-04-24,1.4010936480791498,0.9604033444504413
2019-04-25,1.4010936480791498,0.9223028125294117
2019-04-26,1.4010936480791498,0.9093603053390407
2019-04-29,1.4010936480791498,0.8770817466123346
2019-04-30,1.4010936480791498,0.88732525656117
2019-05-06,1.4010936480791498,0.8231422030357375
2019-05-07,1.4198609879487172,0.835924259704269
2019-05-08,1.4309040129202462,0.8339049898111736
2019-05-09,1.431005875779158,0.8259148879037249
2019-05-10,1.4592560988070369,0.8533543680862786
2019-05-13,1.4548918444362096,0.8488809116165512
2019-05-14,1.4470744214101394,0.8420208164093705
2019-05-15,1.464488945387687,0.8605495312021599
2019-05-16,1.473786784971174,0.8682497262705048
2019-05-17,1.43073031060261,0.837371448466947
2019-05-20,1.4363006795211715,0.8316962771519344
2019-05-21,1.4580841557671893,0.8466950029927269
2019-05-22,1.46300613915571,0.8404684544521905
2019-05-23,1.4317028336489217,0.8222235665276573
2019-05-24,1.4291262307744612,0.8175230239535534
2019-05-27,1.459737997804193,0.8383604694860416
2019-05-28,1.4673752982567447,0.8402168397257218
2019-05-29,1.4830055649024174,0.8435073409459763
2019-05-30,1.4864797109255314,0.8392075857228178
2019-05-31,1.4920398056962556,0.839609831543059
2019-06-03,1.4788964839041219,0.8278297848303844
2019-06-04,1.468712882352324,0.8147225956124273
2019-06-05,1.4758208122411123,0.8153948976134096
2019-06-06,1.449413874301782,0.7964245482488669
2019-06-10,1.4613780909241032,0.8046702848064681
2019-06-11,1.4906948495570151,0.8330006702109767
2019-06-12,1.4860594282015096,0.8296126785058215
2019-06-13,1.507981824434174,0.8355902698741746
2019-06-14,1.4824173403822645,0.8187388844009553
2019-06-17,1.4843512555346776,0.8194031751504314
2019-06-18,1.487309791813941,0.8187253035057236
2019-06-19,1.4957296679649,0.8296758117609819
2019-06-20,1.5046886181361059,0.8426037690546606
2019-06-21,1.5371386552866795,0.8553641267638361
2019-06-24,1.536396768700109,0.8557780693017907
2019-06-25,1.530716828907269,0.8487009341177021
2019-06-26,1.5335842242424762,0.8483772229930682
2019-06-27,1.5346349834641435,0.8533994337460008
2019-06-28,1.524794229416732,0.8434391183134552
2019-07-01,1.53577791154016,0.866283879721436
2019-07-02,1.5324155835817965,0.8670714652407675
2019-07-03,1.5421532796960806,0.8593938417868932
2019-07-04,1.5276068440597221,0.857403452568934
2019-07-05,1.5376885160886897,0.8602420712363719
2019-07-08,1.5239947653212993,0.8316894879896665
2019-07-09,1.5352918387618708,0.8340512654144935
2019-07-10,1.5261266927491832,0.8285693815859982
2019-07-11,1.549930717538028,0.8290603674055801
2019-07-12,1.5489444339400715,0.832005285639512
2019-07-15,1.5552539563968448,0.8387942482644284
2019-07-16,1.5577870018777917,0.8414216671039221
2019-07-17,1.5554232940549146,0.8412872249181537
2019-07-18,1.5329189271518042,0.8270071516650176
2019-07-19,1.5396326296833642,0.8312435228642536
2019-07-22,1.5072538112137681,0.8080920533835859
2019-07-23,1.5134461713152412,0.817268052393923
2019-07-24,1.5247558851422476,0.8266967899997643
2019-07-25,1.5273856644122423,0.8291643288603294
2019-07-26,1.529278496903995,0.8305821688258537
2019-07-29,1.5249806501733674,0.8297543555439465
2019-07-30,1.5308524737525597,0.8339072393481396
2019-07-31,1.528460071643187,0.8284187084040086
2019-08-01,1.527502678228191,0.8246980408283562
2019-08-02,1.5104362500573438,0.811599555666904
2019-08-05,1.5050003618912213,0.8027394017344531
2019-08-06,1.4746955267277342,0.7801415370867463
2019-08-07,1.472470588455042,0.7787854704933425
2019-08-08,1.479729010640291,0.7829103637416298
2019-08-09,1.467425357544503,0.7741160095635682
2019-08-12,1.4736094295884448,0.786158056505449
2019-08-13,1.4833806062976156,0.7822137291271034
2019-08-14,1.4887528143443227,0.7866613829603443
2019-08-15,1.487628474460276,0.7884006183651218
2019-08-16,1.4913065579904514,0.7919722459367525
2019-08-19,1.5106680007938216,0.8146678277163905
2019-08-20,1.513136799787128,0.816817321852745
2019-08-21,1.513809180917017,0.8175270626396285
2019-08-22,1.5208043695536564,0.8208502297554456
2019-08-23,1.5156694028608804,0.8195296066713356
2019-08-26,1.5017134063040214,0.8137927071404427
2019-08-27,1.5209085239488016,0.8285590616656059
2019-08-28,1.5208283591462153,0.8290938905047459
2019-08-29,1.5184919441686042,0.8281254067449666
2019-08-30,1.500393229617952,0.8168623117257594
2019-09-02,1.5228894444767536,0.8345744350307457
2019-09-03,1.531650041792664,0.8392508427500656
2019-09-04,1.531744367979161,0.8462629327533298
2019-09-05,1.539696767533007,0.8534731161981377
2019-09-06,1.5445616428462494,0.8566820564030168
2019-09-09,1.5574824419927422,0.8722312745768469
2019-09-10,1.55761706006918,0.8747170475333857
2019-09-11,1.5549716389558799,0.8703327914455715
2019-09-12,1.5598429032783507,0.8756452516453188
2019-09-16,1.56730949392836,0.8785220902140777
2019-09-17,1.5561280413940524,0.8598852378423313
2019-09-18,1.554821577847016,0.8617466538955956
2019-09-19,1.5612141830742778,0.869891257722125
2019-09-20,1.5655887000172823,0.871141312034516
2019-09-23,1.5568976588771815,0.8630450955444037
2019-09-24,1.5715129708317086,0.864728647124931
2019-09-25,1.5416409569235645,0.8498533956069654
2019-09-26,1.5127546096292195,0.8293789185179222
2019-09-27,1.5299159202851025,0.8360597332225045
2019-09-30,1.5275595880481023,0.8283817699844407
2019-10-08,1.5354691193476397,0.8300708578183217
2019-10-09,1.5524585980110615,0.8373916777474572
2019-10-10,1.5646023853622013,0.8468056350919843
2019-10-11,1.5708270025430522,0.849252914736603
2019-10-14,1.5821524696914946,0.8616538654007171
2019-10-15,1.5816321977554046,0.8536659327340448
2019-10-16,1.5699865830105353,0.8481203621485672
2019-10-17,1.5596691643640195,0.8461388934271237
2019-10-18,1.5484373749271734,0.8359590108042415
2019-10-21,1.55208478641078,0.8317587167134891
2019-10-22,1.5746629232997351,0.8403385868419712
2019-10-23,1.5656464940472168,0.83572872610774
2019-10-24,1.5680050741688185,0.8353553972998208
2019-10-25,1.5774760639939194,0.8404071090696772
2019-10-28,1.5846110823977697,0.853317922995077
2019-10-29,1.5683071441142877,0.8425336263218376
2019-10-30,1.558750892926439,0.8318744601353459
2019-10-31,1.552467108541235,0.8231880616923151
2019-11-01,1.568531559747098,0.8309679849351244
2019-11-04,1.5636237365393355,0.8332567937071407
2019-11-05,1.5610321874913387,0.834486751583723
2019-11-06,1.5462634383839635,0.82743353767761
2019-11-07,1.5506326962390509,0.8319358528756581
2019-11-08,1.5534332054193731,0.8302884577261296
2019-11-11,1.521016021751949,0.8098903578162062
2019-11-12,1.5242044739573184,0.8127707262596341
2019-11-13,1.527596887853622,0.809502714426062
2019-11-14,1.5309175159309858,0.8135807702393917
2019-11-15,1.5189529511038624,0.8034839530865459
2019-11-18,1.5203583996668948,0.8090903560423884
2019-11-19,1.535678882116561,0.8221233340988848
2019-11-20,1.5265353865410345,0.8176933389575995
2019-11-21,1.52469385695943,0.8174866630560179
2019-11-22,1.5147097135532088,0.8120163298159584
2019-11-25,1.515098927662687,0.8129353939323863
2019-11-26,1.517523147535961,0.8116506094699081
2019-11-27,1.5188821412982154,0.8104360142803031
2019-11-28,1.5171933903160526,0.8078928018902505
2019-11-29,1.5254297853991934,0.808558987850299
2019-12-02,1.5290139515163812,0.8094367604942287
2019-12-03,1.5358064299089889,0.8143842003763765
2019-12-04,1.5364032961016123,0.8157463919938214
2019-12-05,1.5436828329608996,0.8228397385209856
2019-12-06,1.5476721578902075,0.8275096685816871
2019-12-09,1.5462761702601995,0.8295319701037336
2019-12-10,1.5484891573481838,0.832162499713374
2019-12-11,1.545568858226679,0.8307244206120282
2019-12-12,1.541471314280635,0.8283937380921846
2019-12-13,1.5505654767558859,0.8377657363086433
2019-12-16,1.5629415984621575,0.849825508872867
2019-12-17,1.5677130448658094,0.8607924177203189
2019-12-18,1.5696558862951793,0.8619482706343078
2019-12-19,1.579389211952311,0.8679189999310024
2019-12-20,1.5798485200548698,0.8617650318054624
2019-12-23,1.5670419728872242,0.8450609326698928
2019-12-24,1.5820923018516022,0.8576240596031179
2019-12-25,1.5898366938181245,0.8588778346923668
2019-12-26,1.598332707857066,0.8664291217563459
2019-12-27,1.6102849900462757,0.8626717030581296
2019-12-30,1.6114596884527863,0.8679205705537125
2019-12-31,1.6157641040656228,0.8731316284844166
2020-01-02,1.6294235429207449,0.8881048182985042
2020-01-03,1.6308016141909976,0.8926738704007251
2020-01-06,1.6329577847032366,0.8988767385319875
2020-01-07,1.6434763619603519,0.910242790419954
2020-01-08,1.6321952977133216,0.8976997337346806
2020-01-09,1.6429935276447434,0.9098346218658796
2020-01-10,1.6443086433961007,0.9074923131489093
2020-01-13,1.669659272496062,0.9154138264049861
2020-01-14,1.668498765867385,0.9157470781752455
2020-01-15,1.6470113009715606,0.9108742601227229
2020-01-16,1.6330945104875318,0.9064383045845661
2020-01-17,1.6329318528121062,0.9032250624416105
2020-01-20,1.6426704847960012,0.9105761829217172
2020-01-21,1.6315421448515233,0.8994992507372281
2020-01-22,1.632306343835068,0.8982192525985344
2020-01-23,1.5893553230496578,0.8681715101253036
2020-02-03,1.505025202889136,0.7918978127605425
2020-02-04,1.498835353841248,0.7847361331214588
2020-02-05,1.5154567983777918,0.8046116266097288
2020-02-06,1.5304712212520661,0.8240249400225208
2020-02-07,1.5457740475279023,0.831505897663246
2020-02-10,1.5631085117774577,0.8459400771380035
2020-02-11,1.554990220613873,0.8429467814610347
2020-02-12,1.5643345648718747,0.8546864546173177
2020-02-13,1.549871044607726,0.8462216963184379
2020-02-14,1.5497695781192822,0.8478295593709594
2020-02-17,1.577258131917113,0.8743652556959978
2020-02-18,1.5842169516876055,0.8871562042010819
2020-02-19,1.5818478835873906,0.8838038404918642
2020-02-20,1.5925775817572292,0.899974858273398
2020-02-21,1.5968641607410843,0.9082296261081456
2020-02-24,1.5949824706817177,0.9171140438827111
2020-02-25,1.5830462659707591,0.9141672849361409
2020-02-26,1.5829103753126865,0.9056086381268966
2020-02-27,1.590582206933585,0.9080601561763944
2020-02-28,1.5489777324762652,0.8625998225504025
2020-03-02,1.5768331744536153,0.8973898852891349
2020-03-03,1.577482053634839,0.9080009987428223
2020-03-04,1.601182308011294,0.9186727470399851
2020-03-05,1.6340873641925044,0.937279438407452
2020-03-06,1.637440035889808,0.9360962278494214
2020-03-09,1.6183190359499104,0.9077970287159222
2020-03-10,1.652195312575663,0.924763775333883
2020-03-11,1.697299038159635,0.9180748361823384
2020-03-12,1.6774816641866073,0.9001633484372873
2020-03-13,1.674073842620526,0.8889449255717017
2020-03-16,1.6551228678981778,0.8576099759076499
2020-03-17,1.6559857860352507,0.8541320818406285
2020-03-18,1.637286683557299,0.8405285505023732
2020-03-19,1.6473519716731766,0.8448000723747108
2020-03-20,1.66936972034782,0.8576334166630036
2020-03-23,1.6384241026455928,0.8265332634312554
2020-03-24,1.663457034261793,0.842155061912578
2020-03-25,1.6885683213730562,0.8620885861335001
2020-03-26,1.682556094588521,0.8540134679297872
2020-03-27,1.6912927423527087,0.852388960359463
2020-03-30,1.6672797780828024,0.8361756028638474
2020-03-31,1.6756906380393426,0.8374850192495858
2020-04-01,1.672345639637487,0.832089245432964
2020-04-02,1.672345639637487,0.8470182644849016
2020-04-03,1.672345639637487,0.8436709125332448
2020-04-07,1.672345639637487,0.868612083189481
2020-04-08,1.672345639637487,0.872390179136571
2020-04-09,1.672345639637487,0.8791936054541369
2020-04-10,1.672345639637487,0.8611561410662764
2020-04-13,1.672345639637487,0.8555091818314091
2020-04-14,1.672345639637487,0.8696751009380896
2020-04-15,1.672345639637487,0.8638739634102046
2020-04-16,1.672345639637487,0.866174691358602
2020-04-17,1.672345639637487,0.8657690414600868
2020-04-20,1.672345639637487,0.8744621802549652
2020-04-21,1.672345639637487,0.8702261856014732
2020-04-22,1.672345639637487,0.878238817730732
2020-04-23,1.672345639637487,0.8760065942602792
2020-04-24,1.672345639637487,0.8612020475605303
2020-04-27,1.672345639637487,0.8561089301782775
2020-04-28,1.672345639637487,0.8397458023512514
2020-04-29,1.672345639637487,0.83865158512395
2020-04-30,1.672345639637487,0.8547162660637095
2020-05-06,1.672345639637487,0.8673614275968446
2020-05-07,1.672345639637487,0.8661562143016903
2020-05-08,1.672345639637487,0.874744846277823
2020-05-11,1.672345639637487,0.874695373984007
2020-05-12,1.6737378877408173,0.873507692875517
2020-05-13,1.677722928318826,0.878077265380327
2020-05-14,1.670889239058321,0.8711278933612342
2020-05-15,1.6782555342189018,0.8726991239044023
2020-05-18,1.6829157581303782,0.8708441362310575
2020-05-19,1.690501769458234,0.8786769908817229
2020-05-20,1.698874438534292,0.8727033183094313
2020-05-21,1.7072057414192883,0.8661565928865111
2020-05-22,1.7100964016034979,0.8533730539583835
2020-05-25,1.7132164557545944,0.8528718929555252
2020-05-26,1.7337318023410009,0.8684147487838098
2020-05-27,1.746283524026728,0.8682412643101529
2020-05-28,1.7432173973599832,0.866286818874293
2020-05-29,1.747499833715404,0.8728985758001728
2020-06-01,1.7702714122892949,0.8950620781841193
2020-06-02,1.7822277259221224,0.8999326927121184
2020-06-03,1.7818899715023002,0.9007769584038682
2020-06-04,1.7922033767843382,0.9041557410150938
2020-06-05,1.7912468657795437,0.9031804786612802
2020-06-08,1.7909347582372408,0.902389748692918
2020-06-09,1.7895129101338068,0.9068546762707566
2020-06-10,1.7800818525028577,0.9049426179506559
2020-06-11,1.779024204600478,0.90099318448886
2020-06-12,1.7768083501765375,0.9012288425040439
2020-06-15,1.7812702949052817,0.8989715616710058
2020-06-16,1.8136076547158468,0.9125512894632429
2020-06-17,1.8138618330243332,0.9165713667251729
2020-06-18,1.8123100166455,0.9165675177200018
2020-06-19,1.823433094002408,0.9207496113194947
2020-06-22,1.8310532582037058,0.9207918989619841
2020-06-23,1.815682546708576,0.91950665810856
2020-06-24,1.8246708699077288,0.9169529855978038
2020-06-29,1.8219215791215002,0.9120378812370041
2020-06-30,1.8310626974322672,0.9242854053834253
2020-07-01,1.8334372983970513,0.9307196066208704
2020-07-02,1.849974714060202,0.9443204956299133
2020-07-03,1.8705559740322397,0.956086564535543
2020-07-06,1.9078314387603483,0.9935197646277822
2020-07-07,1.9232667585595935,1.0004758726984841
2020-07-08,1.9513476360829365,1.0210441721847052
2020-07-09,1.965423005437634,1.0461023814987511
2020-07-10,1.9567612940548709,1.0387701925425759
2020-07-13,1.9643616179644403,1.0714730364220884
2020-07-14,1.9691287274039784,1.067284028689094
2020-07-15,1.93758659613149,1.0431690587471605
2020-07-16,1.9152037701409221,0.9991230035795492
2020-07-17,1.921163404306392,1.0002901025417517
2020-07-20,1.9543680266568615,1.0361588941778044
2020-07-21,1.9572333040413457,1.0402470244250774
2020-07-22,1.9678335289654876,1.0447090257176184
2020-07-23,1.9549556735659013,1.0415813008679466
2020-07-24,1.927912016791531,1.0016360661323624
2020-07-27,1.9294381808404721,1.002792424258175
2020-07-28,1.9420739775912281,1.013900020047618
2020-07-29,1.961495105772109,1.0359274598675556
2020-07-30,1.9677340039786775,1.0366853840047048
2020-07-31,1.9791599294797138,1.047673777883495
2020-08-03,2.0067304883792665,1.0767529727327323
2020-08-04,2.007615625608292,1.0736656550390717
2020-08-05,2.0204389154461646,1.0842094705864853
2020-08-06,2.0148979813311714,1.084193360810389
2020-08-07,2.013673544113224,1.0735231536279388
2020-08-10,2.028824887313193,1.083040255175961
2020-08-11,2.0120980989494766,1.0643180051301748
2020-08-12,2.003666925893712,1.0582907989239811
2020-08-13,2.0085412709609787,1.0655745223702304
2020-08-14,2.033236616369803,1.072785697769579
2020-08-17,2.0537175377136245,1.0929687288360408
2020-08-18,2.0604616261580913,1.1022164705182032
2020-08-19,2.039213725414256,1.0899380778063
2020-08-20,2.0225290239465163,1.0780496461692899
2020-08-21,2.0242825371299897,1.0841373235546916
2020-08-24,2.0225123066114166,1.0872866295454064
2020-08-25,2.0220138323291628,1.0797907237678588
2020-08-26,2.014187660082036,1.058848230154882
2020-08-27,2.045205292633928,1.0665295576605376
2020-08-28,2.0722215372581823,1.0774447726066028
2020-08-31,2.0915492160152294,1.0794115063032474
2020-09-01,2.0917580576275383,1.0829322838556799
2020-09-02,2.1183837102519676,1.0829454959720006
2020-09-03,2.0941433114427848,1.07411834785058
2020-09-04,2.1039901973653263,1.0718399801450915
2020-09-07,2.100868998611988,1.0563711904564042
2020-09-08,2.131382771057782,1.063426651946392
2020-09-09,2.1012966130924675,1.0424099697204565
2020-09-10,2.0245018521497182,1.0157869912863118
2020-09-11,2.0424763648734836,1.026758844689779
2020-09-14,2.103952440480765,1.0334556182509387
2020-09-15,2.0974401216923493,1.036382452508693
2020-09-16,2.0767753235048865,1.031087490771677
2020-09-17,2.083315474311426,1.0321563426358702
2020-09-18,2.0876718234790355,1.0479842512767616
2020-09-21,2.0767735402798357,1.046572067508177
2020-09-22,2.049978764447852,1.031587209596613
2020-09-23,2.0564146585829928,1.035352317482262
2020-09-24,2.0197007530276623,1.011656524844246
2020-09-25,2.0224254540186553,1.0075696028579
2020-09-28,2.00539242815631,0.9953654115760001
2020-09-29,2.0156810025729497,1.0007012194880516
2020-09-30,2.006663487244852,0.9977982472516423
2020-10-09,2.036933572805393,1.024009352046134
2020-10-12,2.0651356798680527,1.0497999881048161
2020-10-13,2.0614127386064918,1.0508022601060263
2020-10-14,2.0471607739419397,1.044047449269189
2020-10-15,2.045783738280775,1.0380038588809626
2020-10-16,2.05221997625255,1.037966899124496
2020-10-19,2.046594066622198,1.0324294483105212
2020-10-20,2.0623197878811985,1.039844317972725
2020-10-21,2.035018770036664,1.029759213973366
2020-10-22,2.037685900544961,1.0249530442161003
2020-10-23,2.024686458267492,1.0136133775973055
2020-10-26,2.030181273755885,1.0118653280858625
2020-10-27,2.0268995629249553,1.0117472781976669
2020-10-28,2.0248407169595324,1.0129904500288671
2020-10-29,2.0244647429167677,1.0110993380983893
2020-10-30,1.9835715647281404,0.9879427835455816
2020-11-02,1.984573714058319,0.9856251180209759
2020-11-03,2.0224741771295722,1.003881193098779
2020-11-04,2.013891271733518,1.0027946272985022
2020-11-05,2.035099096989115,1.019591807048449
2020-11-06,2.0145681586634976,1.0154317448510912
2020-11-09,2.0445869658035294,1.0338460922692865
2020-11-10,2.036367810874939,1.0269500303028156
2020-11-11,2.0290191894543677,1.0211742758802975
2020-11-12,2.033097544603438,1.02408088901782
2020-11-13,2.0348406429981725,1.0232029673859495
2020-11-16,2.0505950337275247,1.0380066417156029
2020-11-17,2.0429326448455543,1.0337059416538064
2020-11-18,2.059550796823328,1.0377996817343553
2020-11-19,2.0622417244729414,1.0394005389730496
2020-11-20,2.0640889524630825,1.0467926061484134
2020-11-23,2.064056364558719,1.0531814966461082
2020-11-24,2.0574986515765366,1.0530711674369846
2020-11-25,2.0416528896883186,1.040192079093685
2020-11-26,2.0421581614248967,1.0369389834622784
2020-11-27,2.046547548213921,1.038498329723789
2020-11-30,2.0543153589597467,1.0356678892596023
2020-12-01,2.072609277347249,1.0475737998536518
2020-12-02,2.0854449035995724,1.050425859891975
2020-12-03,2.0717677994178483,1.0490247314589682
2020-12-04,2.0725300507760718,1.0521666652839254
2020-12-07,2.067992251383566,1.0476779738514777
2020-12-08,2.0668016246785363,1.0454873516830048
2020-12-09,2.045498200101305,1.0279308925325215
2020-12-10,2.0417288812524896,1.02740238111974
2020-12-11,2.0090228586450247,1.0119374628120115
2020-12-14,2.0172430979758507,1.0170173882551479
2020-12-15,2.006140016518165,1.0157343086316193
2020-12-16,1.9779874047897,1.0070018203845748
2020-12-17,1.9905728302569459,1.0151219455402405
2020-12-18,1.981417079772088,1.0138083085840854
2020-12-21,1.9904062425113749,1.0228799757817824
2020-12-22,1.9537469071520717,1.0031448888401073
2020-12-23,1.9494049204341792,1.0075055678818106
2020-12-24,1.9280246127078062,0.9915633383271844
2020-12-25,1.9387067897977517,1.0017818022140221
2020-12-28,1.9180474226407773,0.9940520678397322
2020-12-29,1.9218403061577347,0.9908280414889976
2020-12-30,1.92476741428616,0.9958113417796953
2020-12-31,1.9369570130569804,1.0077460823835165
2021-01-04,1.9394946153390915,1.0203769342951792
2021-01-05,1.9246042097857916,1.0198908153169057
2021-01-06,1.8872185551979221,1.0098998620334272
2021-01-07,1.8273083359804048,0.9892380652780389
2021-01-08,1.822943829670142,0.9879776464439677
2021-01-11,1.8126477971918797,0.9665340333223149
2021-01-12,1.822007595694021,0.9753092778552821
2021-01-13,1.7958511578460932,0.9634852595422483
2021-01-14,1.8205222161582006,0.9648492048251719
2021-01-15,1.8415616644782313,0.9747091254690065
2021-01-18,1.8528693209819334,0.9881155819829913
2021-01-19,1.8669484370998581,0.9908142896075441
2021-01-20,1.8656632014474244,0.9936385374720641
2021-01-21,1.8673630903174294,1.000620838549811
2021-01-22,1.8540681480301502,0.991070284083645
2021-01-25,1.8227389907329292,0.9786766860383738
2021-01-26,1.822889175760776,0.9711360233464006
2021-01-27,1.83394748195924,0.9734533983814275
2021-01-28,1.8443082293313477,0.9614293039924166
2021-01-29,1.813275361966352,0.9480639652477372
2021-02-01,1.8089962310408079,0.9513958477366047
2021-02-02,1.7939358450095024,0.9550023092477018
2021-02-03,1.756761793997798,0.9434967393255393
2021-02-04,1.7430858871600763,0.927712957079259
2021-02-05,1.7353838477957826,0.9187993805039565
2021-02-08,1.7264037369980942,0.9221387483016438
2021-02-09,1.7316389637764649,0.9376641174012733
2021-02-10,1.7313120033099856,0.9440813505169947
2021-02-18,1.7632813497782647,0.9679419136744828
2021-02-19,1.8046669859576943,0.9933273495040695
2021-02-22,1.8319906545210756,1.0027657740820894
2021-02-23,1.8118681909234235,0.9978660884875924
2021-02-24,1.8134550436039059,0.994967836735529
2021-02-25,1.801205307760382,0.9912685093237575
2021-02-26,1.812576440361531,0.9856600185976777
2021-03-01,1.8321496476039476,1.0055786897587016
2021-03-02,1.8218961386467427,1.000176861183317
2021-03-03,1.8336623446568978,1.0144723461266607
2021-03-04,1.8330824804364456,1.007052572207217
2021-03-05,1.8496815790221035,1.012760916848256
2021-03-08,1.8511923197619278,1.0019594486928847
2021-03-09,1.8258646031716224,0.979940872574495
2021-03-10,1.7957514445494758,0.9707414363331974
2021-03-11,1.8260462672792206,0.9895071596800438
2021-03-12,1.8226095848241712,0.9933968629181275
2021-03-15,1.8234949454259304,0.9932377095662479
2021-03-16,1.8572677110740545,1.0048745024528403
2021-03-17,1.8696831614297824,1.0088205430279509
2021-03-18,1.8703211616135578,1.011359833584264
2021-03-19,1.8765358854146148,1.0083249588218004
2021-03-22,1.8803573561108622,1.024927373944526
2021-03-23,1.86267307506869,1.014109558796046
2021-03-24,1.8601817283392093,1.006497423870976
2021-03-25,1.866905564301025,1.0033535568413743
2021-03-26,1.872842065415876,1.0160099656850523
2021-03-29,1.8748928242324427,1.019228142228188
2021-03-30,1.8555760197437696,1.0136792457397619
2021-03-31,1.8602212968975451,1.0169840116162638
2021-04-01,1.8638082286053028,1.0208152638854853
2021-04-02,1.8638082286053028,1.0231552723779345
2021-04-06,1.8638082286053028,1.0324787149341246
2021-04-07,1.8638082286053028,1.0405024038565502
2021-04-08,1.8638082286053028,1.0342644801287963
2021-04-09,1.8638082286053028,1.0355666205670884
2021-04-12,1.8638082286053028,1.025746480374585
2021-04-13,1.8638082286053028,1.0166573210439707
2021-04-14,1.8638082286053028,1.0280724492515605
2021-04-15,1.8638082286053028,1.0255056410068828
2021-04-16,1.8638082286053028,1.0405118033801122
2021-04-19,1.8638082286053028,1.051468161650869
2021-04-20,1.8638082286053028,1.0482954127076733
2021-04-21,1.8638082286053028,1.0456659235727404
2021-04-22,1.8638082286053028,1.0487750773298397
2021-04-23,1.8638082286053028,1.03994934774531
2021-04-26,1.8638082286053028,1.0348592476121108
2021-04-27,1.8638082286053028,1.0286502841035785
2021-04-28,1.8638082286053028,1.031915468569989
2021-04-29,1.8638082286053028,1.0305694003149655
2021-04-30,1.8638082286053028,1.0235311253684078
2021-05-06,1.8638082286053028,1.0295239853756553
2021-05-07,1.8638082286053028,1.0280742584419733
2021-05-10,1.8638082286053028,1.0341413053195483
2021-05-11,1.8857002822550892,1.037993451514762
2021-05-12,1.8925485548869494,1.0483680122946648
2021-05-13,1.8940838608878638,1.0428276285153264
2021-05-14,1.9129937808366653,1.0544604466197154
2021-05-17,1.8863459782847618,1.04494646727947
2021-05-18,1.8906198815785806,1.0507749291590884
2021-05-19,1.8878434770794672,1.0491852603239407
2021-05-20,1.8939692769610303,1.0439880672512432
2021-05-21,1.9028522033373203,1.0467835939385268
2021-05-24,1.907017423248511,1.0523777823752531
2021-05-25,1.9046706969935605,1.060595230500289
2021-05-26,1.914347095172754,1.0672364745254252
2021-05-27,1.9183593375933574,1.0742528526503978
2021-05-28,1.9143856464201976,1.0718978749175065
2021-05-31,1.9197624118930943,1.0811376582456491
2021-06-01,1.9288810880257443,1.0890096664833477
2021-06-02,1.9384590836341193,1.0832001331231205
2021-06-03,1.9444765940141284,1.0850738337635113
2021-06-04,1.9282736343565843,1.084149147732307
2021-06-07,1.9348113011173926,1.0914129665198637
2021-06-08,1.9556402137516533,1.0908855974174805
2021-06-09,1.9695495131342398,1.0941694997309954
2021-06-10,1.969650237098846,1.0958491880421357
2021-06-11,1.9655565229751253,1.0895407266418182
2021-06-15,1.957744527300773,1.0766873202356688
2021-06-16,1.9468076384921724,1.0652335983992354
2021-06-17,1.9454629511755124,1.0705215285510061
2021-06-18,1.951415801543085,1.0779667693959887
2021-06-21,1.9633939244076342,1.0871178997000348
2021-06-22,1.9704270338360463,1.0945797971662599
2021-06-23,1.9675277408198657,1.0985131389461795
2021-06-24,1.9699691658509364,1.094572428195243
2021-06-25,1.969093473797841,1.0996643278981788
2021-06-28,1.967985219790311,1.1021443348414959
2021-06-29,1.951953066105092,1.0936047243634626
2021-06-30,1.9557462723675911,1.097606378351537
2021-07-01,1.9755490379231926,1.0852704660894814
2021-07-02,1.971021570984987,1.0792444209806684
2021-07-05,1.9866145384618594,1.0903529300225014
2021-07-06,1.9956592525881627,1.0928230884882284
2021-07-07,1.995054007882156,1.099233862891077
2021-07-08,1.9817052051001762,1.092365213677339
2021-07-09,1.9893685603970879,1.1013909164602738
2021-07-12,1.9961369515111058,1.1120642614470664
2021-07-13,2.0074242371101425,1.119483520836775
2021-07-14,2.0036809550841403,1.112653055873158
2021-07-15,1.975248075943497,1.108642996663555
2021-07-16,1.9713356315216863,1.109274774558592
2021-07-19,1.9594314814372196,1.10639082125886
2021-07-20,1.9576024077600847,1.1086531473032064
2021-07-21,1.9699450087740664,1.1182711167013715
2021-07-22,1.9691250540521703,1.12221972973997
2021-07-23,1.9475493985392809,1.1120577535430565
2021-07-26,1.9290578588907477,1.0949194119125232
2021-07-27,1.9135184997215386,1.0732729586136522
2021-07-28,1.877236335604964,1.0495230363452512
2021-07-29,1.8871461062145793,1.0694210221049067
2021-07-30,1.8916814724031188,1.0756000048589194
2021-08-02,1.9032047089430095,1.0946771243716018
2021-08-03,1.9182335640707238,1.0925475046140798
2021-08-04,1.9335003987724138,1.1016989006973295
2021-08-05,1.938772442015629,1.095279961169731
2021-08-06,1.9347064833264669,1.097689127868337
2021-08-09,1.9532430289824902,1.1117334372026229
2021-08-10,1.9666643864430515,1.1221733419628315
2021-08-11,1.98222701771725,1.128801453082357
2021-08-12,1.9791960503804809,1.1319555932090755
2021-08-13,1.9786519057490006,1.1343302053705115
2021-08-16,1.972398077972495,1.1366809719028867
2021-08-17,1.9490008019168594,1.112670828324042
2021-08-18,1.968182089716616,1.1232285803181252
2021-08-19,1.9668117688637459,1.1200072267540273
2021-08-20,1.9615790540080569,1.1151952810800716
2021-08-23,1.9850678331002227,1.1374953481978218
2021-08-24,2.0041918388679165,1.1452923717516106
2021-08-25,2.0203105254618374,1.1561911192604801
2021-08-26,2.023761760031645,1.1533253427241617
2021-08-27,2.012646990373118,1.1545659680643614
2021-08-30,2.022653300921588,1.1563436161556178
2021-08-31,2.0349308614113837,1.1598487078909605
2021-09-01,2.034515778068081,1.1580096279912386
2021-09-02,2.0476994752699356,1.172046616312526
2021-09-03,2.0458175770785614,1.1736159380795081
2021-09-06,2.0567435654173782,1.1844891901653682
2021-09-07,2.0735053574978677,1.200509366572397
2021-09-08,2.0946805919979625,1.2128948551937737
2021-09-09,2.0886101269661066,1.2184771697956778
2021-09-10,2.0739831551903203,1.2114855320349882
2021-09-13,2.081714981965095,1.2209889097030804
2021-09-14,2.0665145316800237,1.2045043681180017
2021-09-15,2.0808286622509593,1.2137610972150186
2021-09-16,2.0837472146632225,1.1981658342694053
2021-09-17,2.0578726818522566,1.193922695944116
2021-09-22,2.0495137001272243,1.2016010170876281
2021-09-23,2.071220185073928,1.2101370560112283
2021-09-24,2.030969410862825,1.1885824942220917
2021-09-27,1.9893570422034064,1.1554885820072132
2021-09-28,1.9885127383448982,1.1609503441863986
2021-09-29,1.973719062734477,1.1291121065390413
2021-09-30,1.9929552792300043,1.150851513180073
2021-10-08,2.0438631146318764,1.1686347473434873
2021-10-11,2.0357604265454246,1.167607627127381
2021-10-12,2.0163320634620567,1.1503089715117953
2021-10-13,2.024672727356796,1.1504694990121278
2021-10-14,2.017326187268897,1.156431452036635
2021-10-15,1.9937460957836164,1.1474493893555844
2021-10-18,2.001330785625113,1.1570612812964725
2021-10-19,1.9952349529591413,1.1629561513238218
2021-10-20,1.9769117934071256,1.1601859922722528
2021-10-21,1.9641892408590145,1.1562291123075257
2021-10-22,1.9527988414152708,1.1450334638409692
2021-10-25,1.9468300121863682,1.1513987534958363
2021-10-26,1.9288886503117504,1.1464114198138764
2021-10-27,1.892500602331202,1.129041157508131
2021-10-28,1.8803969670227008,1.1103958150815443
2021-10-29,1.9140663561180475,1.1258244334310448
2021-11-01,1.9560225568991052,1.1372032187104038
2021-11-02,1.934925575487068,1.121198075691061
2021-11-03,1.9668723868863922,1.1277358894119016
2021-11-04,1.9686224117207969,1.1421779939109251
2021-11-05,1.960270604986244,1.1338506107364066
2021-11-08,1.9758522820524742,1.140558268280357
2021-11-09,1.9831608399336669,1.1512135623488748
2021-11-10,1.9897992803775244,1.1560304819490435
2021-11-11,2.0061635638703517,1.1663893111545636
2021-11-12,2.0132467331640878,1.174233716309829
2021-11-15,2.0303962082107008,1.1818935709774698
2021-11-16,2.028789844019488,1.175161453079093
2021-11-17,2.0490508758797867,1.1896202494850485
2021-11-18,2.0297928483567538,1.1838386025378174
2021-11-19,2.0467372311290584,1.1966560779321176
2021-11-22,2.0386320139637104,1.2043047569039254
2021-11-23,2.0421216277510803,1.2081625509044378
2021-11-24,2.0486829911608777,1.2114008433070895
2021-11-25,2.0558893914423817,1.2114976082094602
2021-11-26,2.047261340817879,1.2087836693605856
2021-11-29,2.0255930525179724,1.2061707115826397
2021-11-30,2.0543796981474114,1.2163516494116347
2021-12-01,2.072579376400307,1.2297852915676402
2021-12-02,2.061021558865367,1.2213572150358196
2021-12-03,2.068813183137045,1.2284616152306864
2021-12-06,2.0378398681367402,1.2168876633935484
2021-12-07,2.030657318426811,1.2124438006548877
2021-12-08,2.041397682960976,1.2252473085299436
2021-12-09,2.0539543648523635,1.2317532495854324
2021-12-10,2.0817920142688457,1.2362718368552652
2021-12-13,2.1116968316810745,1.2407731465901324
2021-12-14,2.1202460029144463,1.2442458895404864
2021-12-15,2.1281228445351963,1.2477864846802322
2021-12-16,2.171610210710672,1.2588826431649078
2021-12-17,2.1971774516875966,1.2533834754418889
2021-12-20,2.191476817151158,1.2447419171471812
2021-12-21,2.224716916872644,1.2659584377296058
2021-12-22,2.212230037743298,1.270002007512724
2021-12-23,2.1867618464145813,1.265683436167067
2021-12-24,2.1947414024701146,1.248084279782884
2021-12-27,2.194493178221466,1.2540502284067578
2021-12-28,2.2362308116715632,1.2584964861443935
2021-12-29,2.2513554557876323,1.2572296531869247
2021-12-30,2.256443434866567,1.2675708481729207
2021-12-31,2.256306325075609,1.2759595211221884
2022-01-04,2.300153984212039,1.2922924354879244
2022-01-05,2.281746756158813,1.276844000286929
2022-01-06,2.3059257607693366,1.288419309624043
2022-01-07,2.2717359522985032,1.2718082174306602
2022-01-10,2.2847130726504297,1.2810833314421608
2022-01-11,2.298213036427621,1.2773795204568243
2022-01-12,2.349426160528628,1.2927287306475193
2022-01-13,2.357920208604842,1.2825878445968777
2022-01-14,2.3094758793227794,1.271603722257809
2022-01-17,2.3227508399135273,1.2853833076321424
2022-01-18,2.2650167835665727,1.2726006224145605
2022-01-19,2.295446307896534,1.27350916458777
2022-01-20,2.2400106601419347,1.247790974743578
2022-01-21,2.2615381787108593,1.2363500517333694
2022-01-24,2.237063165095906,1.2324546921032336
2022-01-25,2.1823358841422564,1.1850520348262101
2022-01-26,2.2043491773891093,1.1937611849743333
2022-01-27,2.1717411641693984,1.159331416124358
2022-01-28,2.2063237561298834,1.1713516171033842
2022-02-07,2.2133787547076746,1.190550645201475
2022-02-08,2.2557908158945454,1.2108241769814072
2022-02-09,2.251295946097461,1.2267567480527106
2022-02-10,2.251036983954702,1.2277830651290638
2022-02-11,2.215758235795623,1.2075933228845726
2022-02-14,2.2755905590606598,1.207297881368498
2022-02-15,2.3032679655911874,1.210220250514735
2022-02-16,2.350426488553242,1.2246018904299119
2022-02-17,2.345571807549711,1.220266576401286
2022-02-18,2.356281050732729,1.230772715767156
2022-02-21,2.3691880795162303,1.2458588146263523
2022-02-22,2.3585019946723804,1.2333609885152501
2022-02-23,2.3621674485845876,1.2481069231238573
2022-02-24,2.324706099420975,1.2200054932361255
2022-02-25,2.35882144220217,1.2310642423074298
2022-02-28,2.362132304786715,1.2311524904420776
2022-03-01,2.3834230203624527,1.241816990297769
2022-03-02,2.414210455939031,1.2488092754506332
2022-03-03,2.4118562980958065,1.2508599294950389
2022-03-04,2.398196710201177,1.2362573533179233
2022-03-07,2.3866762023081414,1.2190929501312284
2022-03-08,2.336994128680393,1.180828945027802
2022-03-09,2.3117089258478734,1.1641470688581892
2022-03-10,2.3527157281171,1.183884355127271
2022-03-11,2.3860369715633167,1.1917158889455677
2022-03-14,2.339484275536718,1.1616098765490417
2022-03-15,2.263672740168377,1.100347496806133
2022-03-16,2.337396570055707,1.1337993793895786
2022-03-17,2.3385347763186353,1.1531916462351508
2022-03-18,2.3957356295030894,1.1718611839736859
2022-03-21,2.420188514069721,1.186498679256582
2022-03-22,2.4125519658823373,1.1884964915230878
2022-03-23,2.404637383238805,1.191871260125285
2022-03-24,2.3959074218194,1.1800272930343882
2022-03-25,2.4344771343136453,1.177817394223184
2022-03-28,2.434145850350172,1.1758341668015537
2022-03-29,2.4148855771126696,1.167312228469098
2022-03-30,2.4121937871841515,1.184980518125843
2022-03-31,2.4296671873828353,1.1837198259159516
2022-04-01,2.4199315483393784,1.1851039740706464
2022-04-06,2.4199315483393784,1.1993317721703698
2022-04-07,2.4199315483393784,1.173901339026406
2022-04-08,2.4199315483393784,1.1708435040767888
2022-04-11,2.4199315483393784,1.140650446532433
2022-04-12,2.4199315483393784,1.1607471255343156
2022-04-13,2.4199315483393784,1.141644171030811
2022-04-14,2.4199315483393784,1.152662410660952
2022-04-15,2.4199315483393784,1.1345513826539364
2022-04-18,2.4199315483393784,1.1380773974952916
2022-04-19,2.4199315483393784,1.145148454325398
2022-04-20,2.4199315483393784,1.1330161931363534
2022-04-21,2.4199315483393784,1.0907302885018921
2022-04-22,2.4199315483393784,1.0834684361355376
2022-04-25,2.4199315483393784,1.006867806633052
2022-04-26,2.4199315483393784,0.9715347955947613
2022-04-27,2.4199315483393784,0.9969473993943421
2022-04-28,2.4199315483393784,0.9850452380673987
2022-04-29,2.4199315483393784,1.0252567194902718
2022-05-05,2.4199315483393784,1.0433310041092272
2022-05-06,2.4199315483393784,1.0296335196887807
2022-05-09,2.4199315483393784,1.0470923874662639
2022-05-10,2.469613163120159,1.062208072419792
2022-05-11,2.463568725673867,1.064270724681586
2022-05-12,2.479671893733725,1.0718060554331732
2022-05-13,2.5087534744995263,1.0808375634036143
2022-05-16,2.5127527871953546,1.0852669785230307
2022-05-17,2.493801493246812,1.083708237734087
2022-05-18,2.5207767602958038,1.091372399686958
2022-05-19,2.541043890958512,1.0988357895601226
2022-05-20,2.536730314078596,1.1132888964848209
2022-05-23,2.554110370415336,1.1273035153802893
2022-05-24,2.484848870025902,1.0846308945871035
2022-05-25,2.528558248866258,1.1076182775115242
2022-05-26,2.5479351808280573,1.115319696755751
2022-05-27,2.545484599787853,1.1175659551585801
2022-05-30,2.5592681547467167,1.1283374804198416
2022-05-31,2.5667396190067273,1.138799270186459
2022-06-01,2.597561132295976,1.144076936069039
2022-06-02,2.6179884228812376,1.1489501976326504
2022-06-06,2.6600165509293827,1.1635509486347388
2022-06-07,2.6309464053528173,1.1615748434075248
2022-06-08,2.6324572341561923,1.16247713745337
2022-06-09,2.592780077591994,1.144744878048351
2022-06-10,2.610254616288932,1.163512013132855
2022-06-13,2.618122265228049,1.165510977942329
2022-06-14,2.60593634589279,1.1711007999365801
2022-06-15,2.5974588384397026,1.1701461531072481
2022-06-16,2.6222538658623415,1.1755376830818738
2022-06-17,2.596748586551019,1.1797000256960208
2022-06-20,2.6237308257169243,1.191492066839224
2022-06-21,2.622209280818499,1.1859795955467631
2022-06-22,2.599616150437548,1.1734984983641688
2022-06-23,2.6162636208056482,1.1937232630359482
2022-06-24,2.6268481527366268,1.204995232852783
2022-06-27,2.6214203313604134,1.2154919785850247
2022-06-28,2.6701281250053595,1.2326782174700952
2022-06-29,2.63419622912352,1.2095370117129178
2022-06-30,2.6327715818045796,1.219447509427851
2022-07-01,2.631223268197474,1.2188138286200132
2022-07-04,2.646068364006605,1.2264967965452378
2022-07-05,2.6086960082313224,1.2201226104475014
2022-07-06,2.5846134268871546,1.2057946996178253
2022-07-07,2.5897262730035653,1.2152906405856587
2022-07-08,2.609947395572738,1.2165017793033734
2022-07-11,2.6227844253181294,1.2083432584317804
2022-07-12,2.5995219461407735,1.1952124069978214
2022-07-13,2.632034416455961,1.2100250506556358
2022-07-14,2.630970484218467,1.2113553686587195
2022-07-15,2.5791296367884846,1.187374593812448
2022-07-18,2.6422744244391825,1.2178734043017776
2022-07-19,2.6686269156285713,1.2299571976919779
2022-07-20,2.6767413667480655,1.2419227791632212
2022-07-21,2.67371111346829,1.2365855132590817
2022-07-22,2.6979042125473947,1.2354554118110757
2022-07-25,2.7079813560751007,1.2263610875250066
2022-07-26,2.7237912114313545,1.2413123809697388
2022-07-27,2.7320982580206024,1.2492825260583047
2022-07-28,2.7269777740608983,1.257594049014439
2022-07-29,2.737436903399495,1.2511257917864722
2022-08-01,2.7426785708045838,1.2555943147847894
2022-08-02,2.6687155357687575,1.207916527567122
2022-08-03,2.680461627371188,1.1993434547328214
2022-08-04,2.7191760590695293,1.214685028572649
2022-08-05,2.71292514247371,1.22660303115377
2022-08-08,2.7522596884425314,1.2424697811703593
2022-08-09,2.761989075597388,1.2463178246251294
2022-08-10,2.821249416121579,1.2491178235281597
2022-08-11,2.8615772689895183,1.2656602414717597
2022-08-12,2.9036420941380254,1.26580588666999
2022-08-15,2.8561945759837672,1.2718492966779398
2022-08-16,2.8832468879504165,1.2830181511314964
2022-08-17,2.8736959009647154,1.2881822173822743
2022-08-18,2.8858053205068765,1.2861411943368
2022-08-19,2.8539007458930388,1.2758083402963174
2022-08-22,2.8572302284199966,1.2859599279886598
2022-08-23,2.852998248402697,1.29198560538049
2022-08-24,2.795812867122412,1.257913186995168
2022-08-25,2.7941075689897388,1.2585695858187584
2022-08-26,2.792638980229579,1.25394036098826
2022-08-29,2.8118578432211474,1.2633442897145732
2022-08-30,2.833956894788145,1.2590358215797388
2022-08-31,2.8135086276435923,1.2285447063049304
2022-09-01,2.841589107044356,1.2246226266625406
2022-09-02,2.875213886169019,1.2386485374273168
2022-09-05,2.8800659437930816,1.2452395765561497
2022-09-06,2.881486342579264,1.2636346549099937
2022-09-07,2.8801040646768477,1.2659980726150457
2022-09-08,2.8818538301602152,1.257280859928481
2022-09-09,2.847071392500588,1.2587113383347444
2022-09-13,2.8813640168099357,1.2617976924688938
2022-09-14,2.873712629319317,1.251186478462628
2022-09-15,2.8486429541681018,1.2257547282650991
2022-09-16,2.771053794603322,1.1931610205034902
2022-09-19,2.762008070639827,1.1810413546221108
2022-09-20,2.8024767094923635,1.1979844783626774
2022-09-21,2.8288941115045096,1.2038546534638612
2022-09-22,2.845557292873445,1.1979567354263772
2022-09-23,2.803634962006462,1.1770003167946652
2022-09-26,2.7492250634568176,1.1536828342528183
2022-09-27,2.806307408798773,1.1792467955971409
2022-09-28,2.7743790435030813,1.1501004141802365
2022-09-29,2.7578125173927805,1.1423153371771888
2022-09-30,2.7459491463409282,1.1315290847282842
2022-10-10,2.701054962487795,1.115161678724319
2022-10-11,2.7238585874394152,1.1228636846679012
2022-10-12,2.777950073575611,1.1506642793723443
2022-10-13,2.8289284268084844,1.1589373337951123
2022-10-14,2.8451657506499877,1.1817781830455953
2022-10-17,2.89163561749442,1.1964820902651092
2022-10-18,2.884828495652038,1.2005969597072852
2022-10-19,2.8813452020483785,1.1909368404035785
2022-10-20,2.8785901689066162,1.1856798895288243
2022-10-21,2.9040361761232036,1.186055562950078
2022-10-24,2.862333334439778,1.16780114469089
2022-10-25,2.83424936357509,1.1655474849802434
2022-10-26,2.876232331584074,1.1841918303239098
2022-10-27,2.907354467393957,1.1833606568369182
2022-10-28,2.835301918433432,1.1410497780182474
2022-10-31,2.8809474779233364,1.1475430417371055
2022-11-01,2.9626866434689507,1.1775469190992542
2022-11-02,3.019729004541778,1.1924966793120901
2022-11-03,3.0869560755959324,1.195494151617074
2022-11-04,3.15400905794858,1.21804507853121
2022-11-07,3.1978858526171554,1.228856755429679
2022-11-08,3.2014529363290216,1.2292389687787724
2022-11-09,3.202759045837552,1.2316863928084627
2022-11-10,3.197508574503348,1.2287932814129163
2022-11-11,3.209853969418309,1.2381925347203395
2022-11-14,3.210076824970237,1.2358483017264765
2022-11-15,3.222577899782824,1.2568994602584627
2022-11-16,3.23472191675644,1.255033232434904
2022-11-17,3.2550106831804047,1.2597373329746269
2022-11-18,3.2615963036438553,1.2510615408308208
2022-11-21,3.2503017917819412,1.2531255032156288
2022-11-22,3.248221662011491,1.2423523948474908
2022-11-23,3.212889016206014,1.238139921768025
2022-11-24,3.2867698837222195,1.242607491089993
2022-11-25,3.265130265819855,1.2380923107850808
2022-11-28,3.303960913983878,1.2352083436667265
2022-11-29,3.3696572269470395,1.2599082531747519
2022-11-30,3.3755588788694553,1.261437646911553
2022-12-01,3.3857358448033072,1.2695313609121746
2022-12-02,3.4579562101241423,1.2749171078317196
2022-12-05,3.4829220638713743,1.289815523848556
2022-12-06,3.459599568715405,1.2850684808298851
2022-12-07,3.4793453736567415,1.2861683329415254
2022-12-08,3.4757738512590794,1.2832066443890555
2022-12-09,3.4761622642169425,1.2810450270495475
2022-12-12,3.4524591771534765,1.2733022717000078
2022-12-13,3.472773297222704,1.2741257381126752
2022-12-14,3.493865110437266,1.2715702404176228
2022-12-15,3.5024437359491136,1.2724717110035655
2022-12-16,3.483216404955511,1.2629820934972358
2022-12-19,3.4271315450841753,1.2353974937035974
2022-12-20,3.4135409215113968,1.2292597660072724
2022-12-21,3.4032149201778648,1.222935547230129
2022-12-22,3.3747066424553163,1.207284847198436
2022-12-23,3.402089400398462,1.2029436451580464
2022-12-26,3.3975392622827507,1.2194628214488088
2022-12-27,3.3855918715088364,1.2272255324618866
2022-12-28,3.325871597618977,1.2154968500348768
2022-12-29,3.314158925499528,1.2091614039079612
2022-12-30,3.338251239177714,1.2190351680333447
2023-01-03,3.383700568929559,1.2416582398874547
2023-01-04,3.426704831180645,1.2479637870994649
2023-01-05,3.436794423888223,1.2543724408586534
2023-01-06,3.4053590400122404,1.2507189806766104
2023-01-09,3.424144536648454,1.2580319121847898
2023-01-10,3.4219096591211233,1.2549260456030593
2023-01-11,3.3896521946460396,1.246442347348548
2023-01-12,3.387355143349751,1.2452713517700114
2023-01-13,3.4035337668403574,1.2522025894171123
2023-01-16,3.426306462790611,1.2632717532734619
2023-01-17,3.411737878290211,1.2609185776648693
2023-01-18,3.4565025647934458,1.2656953985487474
2023-01-19,3.4778522116485586,1.2708142213184097
2023-01-20,3.47867677198227,1.2828455500350329
2023-01-30,3.5183200488480564,1.2992576450223103
2023-01-31,3.5759979341504633,1.3048816980478983
2023-02-01,3.6044872601702083,1.3235047291984452
2023-02-02,3.5932632639575584,1.3255044505718967
2023-02-03,3.5903573202296557,1.3219891628205025
2023-02-06,3.593952948679111,1.3183259521177157
2023-02-07,3.610848004620952,1.3262208540719802
2023-02-08,3.594723029821689,1.3198569419256296
2023-02-09,3.6160192427568174,1.3334469883486892
2023-02-10,3.6209978902747975,1.3327249596123132
2023-02-13,3.6338562354771855,1.345881677248192
2023-02-14,3.623890006934522,1.348282579244715
2023-02-15,3.6209285348730256,1.3479573309717496
2023-02-16,3.5723475635620985,1.3212436966779653
2023-02-17,3.5912347951628494,1.3178043079426196
2023-02-20,3.5913742899704846,1.3360751662935075
2023-02-21,3.5924871004895214,1.3435030776660852
2023-02-22,3.598142179578482,1.3446518638525442
2023-02-23,3.5904366887249988,1.342475997473325
2023-02-24,3.603735727461779,1.3393494125504204
2023-02-27,3.5756706506890805,1.3299620978625966
2023-02-28,3.6215988849063554,1.3423604789925276
2023-03-01,3.6399238874403084,1.3522657684217871
2023-03-02,3.6418201773505388,1.3488409136532735
2023-03-03,3.6216813109352457,1.3503164141525679
2023-03-06,3.6012732421203064,1.3501623388528174
2023-03-07,3.555970131818789,1.3257559397452805
2023-03-08,3.57778655294739,1.3337348014689983
2023-03-09,3.5794086921270702,1.3302267421838878
2023-03-10,3.539684279853274,1.3093088652988558
2023-03-13,3.537353853780562,1.3135544316123604
2023-03-14,3.4937562025052182,1.2968374437663714
2023-03-15,3.511928174828561,1.3111435528562976
2023-03-16,3.4891870997078205,1.2910883924556953
2023-03-17,3.503816635684222,1.2988233818562822
2023-03-20,3.4949989107341795,1.2936279818831409
2023-03-21,3.589123202022366,1.3112193605360303
2023-03-22,3.6234775239466384,1.3172642662408705
2023-03-23,3.611189835421925,1.317320826509433
2023-03-24,3.5865323205417305,1.3164830966399905
2023-03-27,3.5745849353845185,1.312856694803277
2023-03-28,3.5556737721660476,1.305779160483595
2023-03-29,3.5126235080655683,1.2982673603542674
2023-03-30,3.489233766131284,1.2950935389880698
2023-03-31,3.5205538974757817,1.3074400048030528
2023-04-03,3.51885700902807,1.31763799248978
2023-04-04,3.51885700902807,1.3074834150069734
2023-04-06,3.51885700902807,1.3026295769032648
2023-04-07,3.51885700902807,1.3126940886997582
2023-04-10,3.51885700902807,1.29821040232518
2023-04-11,3.51885700902807,1.300218325668713
2023-04-12,3.51885700902807,1.3076141849313578
2023-04-13,3.51885700902807,1.3036712093875011
2023-04-14,3.51885700902807,1.3061476725770351
2023-04-17,3.51885700902807,1.3110145439040737
2023-04-18,3.51885700902807,1.3058806611517781
2023-04-19,3.51885700902807,1.2988190946954086
2023-04-20,3.51885700902807,1.2910865074642284
2023-04-21,3.51885700902807,1.2607786523769995
2023-04-24,3.51885700902807,1.2551948672152904
2023-04-25,3.51885700902807,1.2329499239893371
2023-04-26,3.51885700902807,1.244197884478198
2023-04-27,3.51885700902807,1.2469012752637518
2023-04-28,3.51885700902807,1.26884744015089
2023-05-04,3.51885700902807,1.280099056005472
2023-05-05,3.51885700902807,1.2722873469693572
2023-05-08,3.51885700902807,1.2793244614494905
2023-05-09,3.4934860541823163,1.263394570213064
2023-05-10,3.5154233898691616,1.2660885835854312
2023-05-11,3.539929835726539,1.2722921379463588
2023-05-12,3.5183913439046655,1.2603495458204563
2023-05-15,3.5399355299783988,1.2688296682127944
2023-05-16,3.516286243537034,1.2567358973663223
2023-05-17,3.563530234822098,1.2646154950193602
2023-05-18,3.5751546013361737,1.267040676443445
2023-05-19,3.5574894712192298,1.2655359955407572
2023-05-22,3.5740272221911074,1.270920047528017
2023-05-23,3.5768376895446305,1.2599420572195068
2023-05-24,3.5686591154368443,1.2544379921900448
2023-05-25,3.583451012079341,1.2518159367829251
2023-05-26,3.5842428495605594,1.256475625025983
2023-05-29,3.5501274990861975,1.2504254726885677
2023-05-30,3.575913695588556,1.2548910409740477
2023-05-31,3.5520213936460086,1.2512534854820918
2023-06-01,3.5382567947618453,1.2534554989854412
2023-06-02,3.576893296026152,1.2662924844584877
2023-06-05,3.60300291238033,1.2717631629095458
2023-06-06,3.552424887913755,1.2504350073155344
2023-06-07,3.5722241367054597,1.25523771550553
2023-06-08,3.5686819903217595,1.252698944870169
2023-06-09,3.5279225492361888,1.256981500240759
2023-06-12,3.609563749066959,1.266662132121929
2023-06-13,3.62569504923456,1.270201891326754
2023-06-14,3.6268409343335284,1.2723870451774009
2023-06-15,3.6065451109782996,1.27777303329794
2023-06-16,3.611777480421447,1.2859079877145163
2023-06-19,3.5752502297354143,1.2810716317566275
2023-06-20,3.5358151484958,1.2738374455487613
2023-06-21,3.516290609370933,1.2588833641210484
2023-06-26,3.5376919705438725,1.24056954720523
2023-06-27,3.6252488015324627,1.2660010517930504
2023-06-28,3.6340679573797643,1.266029954093859
2023-06-29,3.663894922363158,1.2736853795755434
2023-06-30,3.7067234995190845,1.288370140347423
2023-07-03,3.695000273812935,1.2975500517634728
2023-07-04,3.7771038646138404,1.3026528980880112
2023-07-05,3.7847548247337146,1.2960885674727731
2023-07-06,3.7825015772793953,1.2945530532365495
2023-07-07,3.7734314169958494,1.2914629318860016
2023-07-10,3.769747309759505,1.2940431234541925
2023-07-11,3.7747277463468647,1.3029373046871677
2023-07-12,3.767810279807358,1.290313406294045
2023-07-13,3.770469945173366,1.3006167870453553
2023-07-14,3.7740118415909927,1.29901163976229
2023-07-17,3.7704606632116597,1.2964704774379585
2023-07-18,3.8400162491697074,1.2990178762249465
2023-07-19,3.8385513651178655,1.299541228518034
2023-07-20,3.803287058663884,1.2887270784416656
2023-07-21,3.791306376874698,1.2886745410649179
2023-07-24,3.808598427220793,1.2879974255392672
2023-07-25,3.8629209183751656,1.3097501741077495
2023-07-26,3.86142563386849,1.3071599956367754
2023-07-27,3.8478056063986563,1.3002604178930668
2023-07-28,3.8638587908818627,1.3128246243363142
2023-07-31,3.857061592259194,1.3266059447790737
2023-08-01,3.842067856388906,1.324672352905782
2023-08-02,3.845209681608544,1.3227359281932454
2023-08-03,3.8217874299510735,1.3224374554906204
2023-08-04,3.7986733991847625,1.321582290279043
2023-08-07,3.7755496906580532,1.3129716494148616
2023-08-08,3.8091375321219663,1.3104797543134177
2023-08-09,3.766862568812419,1.299270375758336
2023-08-10,3.782777629733743,1.3040308855477096
2023-08-11,3.7700643632947775,1.2827607137240171
2023-08-14,3.7821565979874814,1.2872918362811059
2023-08-15,3.786905636166951,1.281827894957615
2023-08-16,3.7715327688977607,1.2725905454174886
2023-08-17,3.868507704023326,1.2869992881861985
2023-08-18,3.8303913009481128,1.2682547072937038
2023-08-21,3.8098498878546034,1.2593272749229185
2023-08-22,3.762763156327861,1.2612273217781538
2023-08-23,3.78804077373475,1.2413734347567862
2023-08-24,3.7719928672959218,1.2400330575088419
2023-08-25,3.697143250685482,1.2212867964238832
2023-08-28,3.7235512775171267,1.235772960274423
2023-08-29,3.83293991543043,1.2677669602313344
2023-08-30,3.8504421618175355,1.2699197306008108
2023-08-31,3.860949088571921,1.2615284214245353
2023-09-01,3.872954694338616,1.2669747550641672
2023-09-04,3.9579817627698177,1.288007137255495
2023-09-05,3.879175865069436,1.2801886299672127
2023-09-06,3.875554699349445,1.2828202979492607
2023-09-07,3.8571964220906203,1.2635578756519232
2023-09-08,3.802464098046011,1.2637615674526634
2023-09-11,3.817451398202042,1.2755414362840922
2023-09-12,3.784127619745989,1.2754625095835013
2023-09-13,3.770647613223432,1.2643291330394002
2023-09-14,3.7585409777230634,1.257775994508897
2023-09-15,3.770608249204413,1.261280053797643
2023-09-18,3.8336020699832516,1.2705585788098115
2023-09-19,3.7921117853493262,1.2616627829455664
2023-09-20,3.7775961321745783,1.2539677825593836
2023-09-21,3.765063332937124,1.2447452054541124
2023-09-22,3.797518551065966,1.2624674733599122
2023-09-25,3.802376784070881,1.2553427416854728
2023-09-26,3.79145711119417,1.2490910924965022
2023-09-27,3.8123219442028717,1.25327878328473
2023-09-28,3.855256595542431,1.2642546404267403
2023-10-09,3.8074029729139562,1.2561052915539859
2023-10-10,3.8012518717295665,1.2518025806844402
2023-10-11,3.798816703525332,1.2503274718654966
2023-10-12,3.795744413944635,1.2595436183351898
2023-10-13,3.7406258985180982,1.2501101939758352
2023-10-16,3.7567540237978894,1.2465059416180302
2023-10-17,3.786703368275466,1.2443756153160903
2023-10-18,3.735239908925624,1.2243024699105964
2023-10-19,3.728415847891629,1.2112595645451076
2023-10-20,3.7327067715286875,1.2042270219269977
2023-10-23,3.6815377981490904,1.1776662067749954
2023-10-24,3.7716494157264076,1.2037406646267927
2023-10-25,3.8093729647012706,1.2214169652852094
2023-10-26,3.809379635440079,1.2245878613238765
2023-10-27,3.8133541149635732,1.2424016806243623
2023-10-30,3.8390144578076386,1.2526049513719122
2023-10-31,3.8321845605462928,1.2492714712044455
2023-11-01,3.8577617077800976,1.2526493282793105
2023-11-02,3.9023570837065735,1.2430255350658421
2023-11-03,3.955746915069333,1.2537608275789627
2023-11-06,4.031558108497813,1.2733170070862783
2023-11-07,4.128981975871871,1.2780319391931088
2023-11-08,4.244542110512203,1.2788054577107049
2023-11-09,4.110864017211951,1.2723190506161581
2023-11-10,4.045218597073106,1.2710618193872283
2023-11-13,4.032946223934899,1.282355809224481
2023-11-14,4.0153585577062785,1.2868047037394836
2023-11-15,4.0154207563293225,1.2946805975223723
2023-11-16,4.003520809042474,1.287125488567704
2023-11-17,4.019035438264199,1.2956128544374585
2023-11-20,4.090489050808949,1.3070536606725953
2023-11-21,4.147074908012041,1.30503276639182
2023-11-22,4.141774915571558,1.2958283041614413
2023-11-23,4.15001772193421,1.3073718566810568
2023-11-24,4.140018044798086,1.2963356249778772
2023-11-27,4.110254588673144,1.2934285190178303
2023-11-28,4.157458705999704,1.3017078307316698
2023-11-29,4.154431289144323,1.2944801903718377
2023-11-30,4.131809292975576,1.2902408120292705
2023-12-01,4.183097149456505,1.2969399115352396
2023-12-04,4.233739887879021,1.2989070219617662
2023-12-05,4.258008804925475,1.279069233348867
2023-12-06,4.259746227899322,1.2855110656660809
2023-12-07,4.256646866655884,1.2816161201415324
2023-12-08,4.189683290166575,1.26674499847347
2023-12-11,4.193234969995753,1.279632570659839
2023-12-12,4.250289149220061,1.288218094711404
2023-12-13,4.236050215094971,1.2809644737020711
2023-12-14,4.240725564341,1.2802269828554487
2023-12-15,4.256255130934555,1.2763275636351805
2023-12-18,4.223567095952125,1.2604845858554456
2023-12-19,4.258991724907716,1.2586875425286086
2023-12-20,4.225982613963248,1.2448911139186407
2023-12-21,4.270078939748478,1.2544800909132319
2023-12-22,4.179970791675547,1.2400866148508536
2023-12-25,4.139047882030061,1.2351293624764699
2023-12-26,4.0911290134445375,1.2222499470799555
2023-12-27,4.134475682051741,1.2307045485776387
2023-12-28,4.15608618640931,1.2511330701156638
2023-12-29,4.219311933243192,1.2663342093453949
2024-01-02,4.297992224482052,1.2726728922024624
2024-01-03,4.2849052352423,1.2717206166720367
2024-01-04,4.3036559916357895,1.268977266715315
2024-01-05,4.308147906485974,1.2498706374281843
2024-01-08,4.294528719083711,1.2280880807781314
2024-01-09,4.310482173443887,1.2354754745313798
2024-01-10,4.2682220009411225,1.2270563174767182
2024-01-11,4.300432125634701,1.2434874009525307
2024-01-12,4.266051292235669,1.236897664004464
2024-01-15,4.292276491800843,1.2374162193300884
2024-01-16,4.280091179331066,1.2324772884795177
2024-01-17,4.221517466456965,1.2044399156391878
2024-01-18,4.143475224158244,1.1950962469269615
2024-01-19,4.133975682278678,1.183472808478849
2024-01-22,3.9476340527462574,1.1185954713568729
2024-01-23,3.918627125265098,1.122682006691657
2024-01-24,3.9456744525604175,1.1441182295950205
2024-01-25,3.9893549010058296,1.183985117896206
2024-01-26,4.0053947226312125,1.1859843561867738
2024-01-29,3.962841089032479,1.1546076246192007
2024-01-30,3.851604701314766,1.119736936255446
2024-01-31,3.6829339990440184,1.0719726059713108
2024-02-01,3.66339722491147,1.0540456304315147
2024-02-02,3.66339722491147,1.0145189820989315
2024-02-05,3.66339722491147,0.9457175992884244
2024-02-06,3.633238705728699,0.9627334533419412
2024-02-07,3.410227218530946,0.9565539153819278
2024-02-08,3.386893709189507,1.0060240337035526
2024-02-19,3.400348709189507,1.035647318550357
2024-02-20,3.4776601023194567,1.0478178758653598
2024-02-21,3.552593961835539,1.0649045269711608
2024-02-22,3.6706273495083965,1.0854684666463634
2024-02-23,3.7547369422919767,1.1093151667980474
2024-02-26,3.8271595291314413,1.121421253457209
2024-02-27,3.8780781379951583,1.1484276338267108
2024-02-28,3.686061119979871,1.0910333613901069
2024-02-29,3.69104841256263,1.1257164515076106
2024-03-01,3.698846616075937,1.134379847541037
2024-03-04,3.7070665397584466,1.13524864804898
2024-03-05,3.7072795509174625,1.1216228923492035
2024-03-06,3.8109128161089028,1.1318694294810565
2024-03-07,3.872785467081034,1.1264793676475486
2024-03-08,3.9497777609887397,1.1359488151225539
2024-03-11,4.054962085535683,1.1554398118867166
2024-03-12,4.164676861090394,1.167430190564034
2024-03-13,4.26412985912478,1.1678619323895638
2024-03-14,4.362552427639867,1.1640691979779252
2024-03-15,4.517244639406794,1.1796008781499019
2024-03-18,4.654002954010477,1.1989880354235336
2024-03-19,4.781502897363456,1.1954557632439418
2024-03-20,4.959545808519291,1.207644561835556
2024-03-21,5.102809823003375,1.211323277162593
2024-03-22,5.045129592519767,1.1953778255312661
2024-03-25,5.0331187100918156,1.1723705469042303
2024-03-26,5.038744966158642,1.1741537036835685
2024-03-27,4.941860604295706,1.1424080354320325
2024-03-28,5.007365002927911,1.1631557078343984
2024-03-29,5.064236105665495,1.1766852045139846
2024-04-01,5.083639592862803,1.2010804377421742
2024-04-02,5.083639592862803,1.202087184241627
2024-04-03,5.083639592862803,1.1975143442822545
2024-04-08,5.083639592862803,1.175798520180603
2024-04-09,5.083639592862803,1.1891000302198356
2024-04-10,5.083639592862803,1.167735798939538
2024-04-11,5.083639592862803,1.171753026861618
2024-04-12,5.083639592862803,1.16414052469869
2024-04-15,5.083639592862803,1.1319921799465102
2024-04-16,5.083639592862803,1.0682694088647822
2024-04-17,5.083639592862803,1.1191384596515859
2024-04-18,5.083639592862803,1.118881971957708
2024-04-19,5.083639592862803,1.1131974584888082
2024-04-22,5.083639592862803,1.1033722401132349
2024-04-23,5.083639592862803,1.1044791293704534
2024-04-24,5.083639592862803,1.1204295484252282
2024-04-25,5.083639592862803,1.1254397559623015
2024-04-26,5.083639592862803,1.1396293433745597
2024-04-29,5.083639592862803,1.1683992410157824
2024-04-30,5.083639592862803,1.1623723550590193
2024-05-06,5.083639592862803,1.187133951873968
2024-05-07,5.098776917698018,1.1921518878208122
2024-05-08,5.06419969753173,1.177262210008611
2024-05-09,5.082489659836384,1.19225250903233
2024-05-10,5.072879928401004,1.185433622046894
2024-05-13,4.995640622299051,1.170862717359201
2024-05-14,5.036680987636714,1.1801989865152058
2024-05-15,5.09073489553937,1.173081226185766
2024-05-16,5.173359872513028,1.1771908870573478
2024-05-17,5.199892471700793,1.1907975184716963
2024-05-20,5.131941171760518,1.194780780986501
2024-05-21,5.093339924290254,1.183360310316592
2024-05-22,5.140431223900384,1.1848709277828484
2024-05-23,5.006581470469622,1.1586951024368009
2024-05-24,5.014954213426296,1.1502119800690052
2024-05-27,5.0594754250306195,1.1564062809997782
2024-05-28,4.980299048392036,1.1434720192549443
2024-05-29,5.131708200922976,1.1456386936729133
2024-05-30,4.978844127219902,1.1360139054130376
2024-05-31,5.0238716170400695,1.1395062249675696
2024-06-03,4.906142861403779,1.1175872153738513
2024-06-04,4.920705138878725,1.1141907848730068
2024-06-05,4.957174171112395,1.0930107775968427
2024-06-06,4.914257171112395,1.0585332760436372
2024-06-07,4.926472498112394,1.077892200848669
2024-06-11,4.9784862931111755,1.07752732740207
2024-06-12,5.1225240743961225,1.0906548222407313
2024-06-13,5.09093922686702,1.0804525175954698
2024-06-14,5.144186166554099,1.0837251926050588
2024-06-17,5.1429600218920335,1.0762229476327119
2024-06-18,5.185987189502455,1.0878155147159416
2024-06-19,5.199968303858867,1.0807071103646755
2024-06-20,5.114124543256035,1.0568866742190206
2024-06-21,5.108821737336934,1.0567696007022729
2024-06-24,4.947251361283223,1.0223854138790953
2024-06-25,4.990550353500609,1.0252245121380565
2024-06-26,5.098051868979944,1.0488758224863777
2024-06-27,5.053681346294522,1.030314589929018
2024-06-28,5.0466116531821115,1.0348774308243711
2024-07-01,5.093729279108861,1.0477170200121402
2024-07-02,5.172141251892981,1.049017309736395
2024-07-03,5.163805134194638,1.0431480919185652
2024-07-04,5.002589509647256,1.0179243144157792
2024-07-05,5.073735487948217,1.0274205919377664
2024-07-08,4.93172168937153,1.0014643372941563
2024-07-09,4.880867708085303,1.015365197928143
2024-07-10,4.781800650070805,1.0055295402222955
2024-07-11,4.8564806434704755,1.0349651513190061
2024-07-12,4.871187643470475,1.033709913933696
2024-07-15,4.834661219253013,1.0210281866615232
2024-07-16,4.790587706235384,1.0208251839442233
2024-07-17,4.761483031606059,1.012731685783007
2024-07-18,4.758708394456143,1.0134887103085084
2024-07-19,4.800374581853178,1.0158114424625595
2024-07-22,4.8940694064001296,1.0177920194979302
2024-07-23,4.9202439236556925,0.9997654888947276
2024-07-24,4.915475090567956,0.9858241231785103
2024-07-25,4.882362811193144,0.9906353478220484
2024-07-26,4.892557868718385,1.0068369129874515
2024-07-29,4.9823312963305,1.008209330655479
2024-07-30,5.09379767456018,1.0142395915868376
2024-07-31,5.153935632876651,1.0466137737713876
2024-08-01,5.195374493486435,1.0471609443984315
2024-08-02,5.194334929806073,1.0379177516827425
2024-08-05,5.134753472621152,1.0177141932097902
2024-08-06,5.280829624062712,1.034026202194122
2024-08-07,5.356995206580535,1.033512720829093
2024-08-08,5.468731896770956,1.0345910390066189
2024-08-09,5.387943793999164,1.0273686709280956
2024-08-12,5.350823473207146,1.0198846670464468
2024-08-13,5.38784332830136,1.025065146861315
2024-08-14,5.370891910819183,1.0187486450235095
2024-08-15,5.405035559488538,1.0261841968578886
2024-08-16,5.356206943508397,1.0177927315910569
2024-08-19,5.337091691503242,1.0168761255887788
2024-08-20,5.240295746861618,1.00012341856598
2024-08-21,5.229786189743964,0.997162678323134
2024-08-22,5.1780570869721725,0.9842641589656367
2024-08-23,5.13677167924851,0.980817031941296
2024-08-26,5.198633531474888,0.9909133858692962
2024-08-27,5.149865046409519,0.9793846849265061
2024-08-28,5.222140359623866,0.9833140016252971
2024-08-29,5.23411585427394,0.99503783319794
2024-08-30,5.296388066378396,1.0123310871647597
2024-09-02,5.245471197585534,0.9991904763451572
2024-09-03,5.256822535241,1.008112663932152
2024-09-04,5.231996714613144,1.0013756719393239
2024-09-05,5.27608255707394,1.010351892029803
2024-09-06,5.227505751273102,0.9959627081687993
2024-09-09,5.214220834315235,0.9935297981781547
2024-09-10,5.282203218609595,0.9959646717909112
2024-09-11,5.205695596960779,0.9898962804435434
2024-09-12,5.227404052968543,0.9889045828521519
2024-09-13,5.192138913659558,0.9791941383608528
2024-09-18,5.166138311285436,0.9752534218325077
2024-09-19,5.289229754448533,0.9984214970611268
2024-09-20,5.246283525453476,0.9967515955396458
2024-09-23,5.265678764333213,0.9996383545625509
2024-09-24,5.372025337436838,1.0339759362114815
2024-09-25,5.422023518034723,1.046706460926293
2024-09-26,5.489009939883522,1.083273597412952
2024-09-27,5.603154147883019,1.1270885543420563
2024-09-30,5.897674278522544,1.2217892788110036
2024-10-08,6.263067156586049,1.277727692380989
2024-10-09,6.263067156586049,1.1810195252454878
2024-10-10,6.263067156586049,1.1854036579243903
2024-10-11,6.263067156586049,1.1498595686389192
2024-10-14,6.263067156586049,1.178847505923225
2024-10-15,6.30013033563011,1.1599869780425542
2024-10-16,6.371721465204574,1.167882534117139
2024-10-17,6.377056364510021,1.1571355953722255
2024-10-18,6.420039380006538,1.1845375396548152
2024-10-21,6.419055367296149,1.1965267158715056
2024-10-22,6.491030899632765,1.215841775983814
2024-10-23,6.5694710112531745,1.2235859476361515
2024-10-24,6.565987253101821,1.2240744771507315
2024-10-25,6.794718378799781,1.2497681713758932
2024-10-28,7.032255182100786,1.2846687173267262
2024-10-29,7.050671048111632,1.2639066791544498
2024-10-30,7.130504909863217,1.2706362068756027
2024-10-31,7.285864931190602,1.2891615352081807
2024-11-01,7.019820306735853,1.2613329524833783
2024-11-04,6.938265864302182,1.2821872870649826
2024-11-05,6.978616922876388,1.3136184148530123
2024-11-06,7.031074834978305,1.3230817110719488
2024-11-07,7.145280756132737,1.356484497194315
2024-11-08,7.084925483217696,1.35453530449414
2024-11-11,7.178236049644709,1.3730501613241561
2024-11-12,7.154480215526793,1.364148939773584
2024-11-13,7.205368910068674,1.3637582320801493
2024-11-14,7.101866963764907,1.3301383431268814
2024-11-15,7.046094469731089,1.3069828920886546
2024-11-18,6.966164304145384,1.2887854657560571
2024-11-19,7.033792011675244,1.312991647789492
2024-11-20,7.176958243614359,1.3388936366574857
2024-11-21,7.228533606399622,1.345233626779319
2024-11-22,7.035843486088854,1.3036452925555662
2024-11-25,7.193734780209203,1.3197704196997593
2024-11-26,7.225608946749782,1.3125983580986165
2024-11-27,7.266404869237641,1.3285542528293712
2024-11-28,7.3629103123932556,1.3338581724335217
2024-11-29,7.502753396402022,1.3508614578448694
2024-12-02,7.658991230106121,1.3797140683917417
2024-12-03,7.74918091041959,1.3843847368851772
2024-12-04,7.762143389913738,1.3670898840231778
2024-12-05,7.801703706220127,1.3821008786384261
2024-12-06,7.8024269060808615,1.399170950597651
2024-12-09,7.8141694083099775,1.3984871929550378
2024-12-10,7.795794368908312,1.4055686273738417
2024-12-11,7.869320617257781,1.4281965965116241
2024-12-12,8.041791156339341,1.4472293706046364
2024-12-13,7.999100158048508,1.4228674060825341
2024-12-16,8.160014748091314,1.418362938756921
2024-12-17,7.784494758383946,1.372726004646279
2024-12-18,7.737142519671591,1.3777792331582477
2024-12-19,7.747389389708251,1.3741702652339582
2024-12-20,7.826022378004966,1.3822424436817529
2024-12-23,7.709608091743009,1.3319905777743406
2024-12-24,7.621988483796841,1.3438454774071005
2024-12-25,7.464836814000819,1.320480283157688
2024-12-26,7.576368691967224,1.3324904269616324
2024-12-27,7.63378098593875,1.3462624732050885
2024-12-30,7.56104426822707,1.3341143406253286
2024-12-31,7.449045851431077,1.3070538841183332
2025-01-02,7.4978319079382985,1.2861847715667545
2025-01-03,7.205434991499818,1.2434957996281597
2025-01-06,7.208337006927497,1.2387780546849154
2025-01-07,7.4347848071184055,1.259872732324331
2025-01-08,7.44899137642904,1.2593049579516904
2025-01-09,7.4893855662662325,1.2611345588849314
2025-01-10,7.235472440535526,1.2296840538107263
2025-01-13,7.263678704586497,1.2294643180016611
2025-01-14,7.554020841367732,1.2792803754991287
2025-01-15,7.6076133670599875,1.2767811661244883
2025-01-16,7.631206737116061,1.2865143788252673
2025-01-17,7.5420109970803075,1.287586238911652
2025-01-20,7.658416869461652,1.2984734346141478
2025-01-21,7.558693069029403,1.2940079039445527
2025-01-22,7.463375048987949,1.280501202211333
2025-01-23,7.488061902151293,1.2781913432688112
2025-01-24,7.58324939985493,1.2878674912204766
2025-01-27,7.590413456285579,1.280912340254797
2025-02-05,7.688742958412926,1.2867122035234984
2025-02-06,7.738574571990463,1.3089910061514591
2025-02-07,7.722742129210468,1.3262987370632338
2025-02-10,7.799982007495003,1.3456746833813193
2025-02-11,7.790848559532562,1.3431756030448971
2025-02-12,7.792033500175356,1.354592666204034
2025-02-13,7.7259545504953335,1.346036217870847
2025-02-14,7.700077134768319,1.3446444877080355
2025-02-17,7.822078809254424,1.3588118671706544
2025-02-18,7.706434518397968,1.3321399854911458
2025-02-19,7.751282351926273,1.3530616002045497
2025-02-20,7.808571539125979,1.3623329172860612
2025-02-21,7.747465547538625,1.367006602211568
2025-02-24,7.784103990350354,1.3729044824146845
2025-02-25,7.752317961280847,1.3649804682492346
2025-02-26,7.815058101146847,1.3837987950448267
2025-02-27,7.851647295438405,1.3839010393639093
2025-02-28,7.778724801051678,1.3512797673332586
2025-03-03,7.798061998887419,1.3551399730994587
2025-03-04,7.866093673662485,1.3677348297807437
2025-03-05,7.806597256336215,1.3696140507698416
2025-03-06,7.923390835237848,1.387533832073396
2025-03-07,7.839133266293179,1.383313569580606
2025-03-10,7.904462868818846,1.3910594769474407
2025-03-11,7.932967676820624,1.3994074181493064
2025-03-12,7.9392909467901,1.406790710348954
2025-03-13,7.880180875164494,1.3962475630102729
2025-03-14,7.950258112325162,1.4173311715652175
2025-03-17,8.072116901214617,1.4252229852581206
2025-03-18,8.15839245819227,1.431238798216223
2025-03-19,8.100362533069758,1.4270568663118224
2025-03-20,8.09674203319891,1.4278671110745247
2025-03-21,8.038742865829546,1.4099001611560653
2025-03-24,7.898691009176094,1.3914537733761216
2025-03-25,7.995059247830412,1.389185989444161
2025-03-26,8.219519910610549,1.4012648016702025
2025-03-27,8.191554856486684,1.3936097819897646
2025-03-28,8.177416891339464,1.3760860593209339
2025-03-31,8.044734483049398,1.3589925060655206
2025-04-01,8.04385839808303,1.373345657614964
2025-04-02,8.04385839808303,1.3751830953661943
2025-04-03,8.04385839808303,1.3710739285977636
2025-04-07,8.04385839808303,1.2496861749867803
2025-04-08,8.04385839808303,1.2336660746212529
2025-04-09,8.04385839808303,1.257060046235366
2025-04-10,8.04385839808303,1.2887399190164786
2025-04-11,8.04385839808303,1.2955488219473812
2025-04-14,8.04385839808303,1.3205451469382739
2025-04-15,8.04385839808303,1.321136937512849
2025-04-16,8.04385839808303,1.3055921180474992
2025-04-17,8.04385839808303,1.314068414649878
2025-04-18,8.04385839808303,1.3123615520799174
2025-04-21,8.04385839808303,1.3314813262844702
2025-04-22,8.04385839808303,1.3360175138428119
2025-04-23,8.04385839808303,1.3401622546158383
2025-04-24,8.04385839808303,1.3332447158892162
2025-04-25,8.04385839808303,1.3376969113742303
2025-04-28,8.04385839808303,1.3190093719821006
2025-04-29,8.04385839808303,1.3268417401813448
2025-04-30,8.04385839808303,1.3334875040746477
2025-05-06,8.188380963794627,1.3655963805279279
2025-05-07,8.201859242990347,1.3764457440448639
2025-05-08,8.285941939253433,1.3879087315619545
2025-05-09,8.265533019859394,1.37843771021137
2025-05-12,8.307117613867879,1.3929816226036298
2025-05-13,8.270932998756459,1.393033003192236
2025-05-14,8.22439988143164,1.3975804950316708
2025-05-15,8.36778009729026,1.3881849039571805
2025-05-16,8.372577991750578,1.3940314979862476
2025-05-19,8.458161472445886,1.4088037521855044
2025-05-20,8.53572672101021,1.4202734668718031
2025-05-21,8.485723415769597,1.4175656873835563
2025-05-22,8.388524313848698,1.4023759196592696
2025-05-23,8.428544731554874,1.3879413630262851
2025-05-26,8.424680471601233,1.3988809617280695
2025-05-27,8.482530542714487,1.404828254638915
2025-05-28,8.44104980912155,1.4027395500175628
2025-05-29,8.49501115091651,1.4198064307347347
2025-05-30,8.4151216962925,1.4046508923915475
2025-06-03,8.509908136381556,1.4141805918919967
2025-06-04,8.665008467574589,1.429652411923619
2025-06-05,8.588672835841786,1.4301332945415086
2025-06-06,8.685073928250578,1.4331977482004175
2025-06-09,8.734751325000047,1.4476220524990298
2025-06-10,8.664674861422975,1.4389426952261122
2025-06-11,8.694887797847667,1.447522861764299
2025-06-12,8.673453387818231,1.4481508995302108
2025-06-13,8.543016020757076,1.4255157426033527
2025-06-16,8.592395935180809,1.4342061254494243
2025-06-17,8.559833320838967,1.4339592724920598
2025-06-18,8.474391131020367,1.425747702407896
2025-06-19,8.32054374733226,1.4021772835067958
2025-06-20,8.47097810745931,1.394753375359675
2025-06-23,8.607344076133673,1.41321139563716
2025-06-24,8.769772182333309,1.4378428207921876
2025-06-25,8.767945516004136,1.4496012536017386
2025-06-26,8.793381458533348,1.4469425945021477
2025-06-27,8.968604272073044,1.4541351000893037
2025-06-30,8.936784369144803,1.468968833547047
2025-07-01,8.948165127837658,1.4758370964920007
2025-07-02,8.966387991861044,1.4744912903034701
2025-07-03,8.971002617317456,1.4815978216542973
2025-07-04,8.885872339498897,1.472119742368691
2025-07-07,8.997627064286771,1.4823530704512418
2025-07-08,9.022295982852173,1.4967734045505536
2025-07-09,9.03126626039455,1.4961387398838664
2025-07-10,9.03361354900671,1.5033972194414442
2025-07-11,8.993202376777232,1.507776375417267
2025-07-14,9.078561814122107,1.514435227907164
2025-07-15,8.956740537370495,1.4990244667385484
2025-07-16,9.025938400106272,1.506932566708772
2025-07-17,9.06237954527221,1.5168504287917797
2025-07-18,9.04257532928012,1.52041885112224
2025-07-21,9.14287490795809,1.5418653461941338
2025-07-22,9.121930550906452,1.5495294695692474
2025-07-23,9.13036889723231,1.5391606190422664
2025-07-24,9.175311858487452,1.557078941395864
2025-07-25,9.255728233136535,1.5563458704155289
2025-07-28,9.268369675580281,1.558871113070812
2025-07-29,9.174134997613308,1.5584099752172655
2025-07-30,9.205454901168071,1.5533401022112232
2025-07-31,9.100352802848137,1.5326238344015666
2025-08-01,9.192053685417603,1.538612705579604
2025-08-04,9.254767052125953,1.5516554926454698
2025-08-05,9.37657144600081,1.5660008697429473
2025-08-06,9.406831327160214,1.574436577072493
2025-08-07,9.392619155219522,1.5753690766740993
2025-08-08,9.486062137301916,1.580398106487034
2025-08-11,9.59120609999189,1.5972459572548716
2025-08-12,9.594817955384169,1.5982587135386115
2025-08-13,9.532056827364057,1.606902221680454
2025-08-14,9.450069224238575,1.583749876500856
2025-08-15,9.36883432961176,1.6056288617769416
2025-08-18,9.419300533685583,1.6217388927440408
2025-08-19,9.49996505563707,1.6318242911606449
2025-08-20,9.537577860797748,1.6477124706350161
2025-08-21,9.570248570786546,1.647218079084298
2025-08-22,9.48884438959838,1.6534626988169159
2025-08-25,9.483932683276754,1.6690051595130406
2025-08-26,9.575494787446297,1.677206014682214
2025-08-27,9.316977917256496,1.6387052036480296
2025-08-28,9.287092644214953,1.6452266877455104
2025-08-29,9.254442756580245,1.6433603506540941
2025-09-01,9.343642832073071,1.6572321375222634
2025-09-02,9.303633056776306,1.6384619736636445
2025-09-03,9.173823132946804,1.6091724326967092
2025-09-04,9.253042053042739,1.603223381557049
2025-09-05,9.291603312384977,1.6327350701766716
2025-09-08,9.408650144402365,1.6533393107299734
2025-09-09,9.407762176697984,1.64509121110514
2025-09-10,9.448840514743901,1.6482597783872044
2025-09-11,9.459530199662533,1.6673834378682622
2025-09-12,9.418442682326928,1.6679669326742788
2025-09-15,9.40640485675444,1.6674421566982665
2025-09-16,9.486949195894807,1.6821121155673486
2025-09-17,9.44141457249105,1.6858016937755367
2025-09-18,9.29687645635713,1.662847702501392
2025-09-19,9.265874810630466,1.657795560778375
2025-09-22,9.182272626763996,1.6539084905458987
2025-09-23,9.07034861346815,1.6351534906917475
2025-09-24,9.244667306068019,1.656064941772785
2025-09-25,9.286027485190454,1.6468358886750394
2025-09-26,9.34445691160512,1.640111676743618
2025-09-29,9.379623176995683,1.6537079722345016
2025-09-30,9.393941058194772,1.6587518256882714
2025-10-09,9.34461595888175,1.672433386634195
2025-10-10,9.500965669373294,1.6774586010427814
2025-10-13,9.453527645538484,1.669966323418173
2025-10-14,9.487461093435872,1.661260663342287
2025-10-15,9.540223238706037,1.682365146639696
2025-10-16,9.460122270669014,1.6681785693720441
2025-10-17,9.448120328681735,1.6368437928374098
2025-10-20,9.534972855440481,1.654636749503203
2025-10-21,9.719839444727617,1.6795397434987218
2025-10-22,9.848230126680448,1.678800593157616
2025-10-23,9.87843121779703,1.6845820783853307
2025-10-24,9.883579733085242,1.686862497475733
2025-10-27,9.829827102970237,1.6977108141564643
2025-10-28,9.887770997928596,1.6978262874303527
2025-10-29,9.82058553696878,1.7036509073565531
2025-10-30,9.80197528021003,1.6878493227955407
2025-10-31,9.887131865143951,1.6996051117180753
2025-11-03,9.951166580241116,1.7150318546607943
2025-11-04,9.959387049841888,1.7081375682737456
2025-11-05,9.987938556200907,1.7220759351270718
2025-11-06,10.02932676959436,1.7300516540921054
2025-11-07,10.012814070468686,1.730911311093137
2025-11-10,10.10310875794725,1.7453632218787305
2025-11-11,10.094925634161536,1.7505561124272093
2025-11-12,10.11068687196914,1.7428260279377348
2025-11-13,10.136358021183373,1.7617309482718626
2025-11-14,10.212931479720526,1.757692198085278
2025-11-17,10.220399644851405,1.7601252864998984
2025-11-18,10.173151442645718,1.7374781726842683
2025-11-19,10.002758014321484,1.7200835170197954
2025-11-20,9.924485111337617,1.7085129749852928
2025-11-21,9.597832241142415,1.6466216344698437
2025-11-24,9.697812926566128,1.6634591754590717
2025-11-25,9.798985534046281,1.6840385662279809
2025-11-26,9.732428197129346,1.6793735859588084
2025-11-27,9.835724138064716,1.6823202365921626
2025-11-28,10.011945996364682,1.7022741447371443
2025-12-01,9.980683315586004,1.714001939131577
2025-12-02,9.997599320309837,1.709985887241463
2025-12-03,10.07732253433383,1.7012612405193082
2025-12-04,9.996681397030107,1.6875570041241827
2025-12-05,10.095741355446577,1.7081476262764559
2025-12-08,10.248162618817858,1.7181158588355645
2025-12-09,10.162053281156862,1.706307624848414
2025-12-10,10.074742590222701,1.709850091622386
2025-12-11,9.943561775855102,1.6816479871758359
2025-12-12,9.8551755625881,1.6823117950019557
2025-12-15,9.879836105917354,1.683591246213451
2025-12-16,9.770564182185256,1.6580985567693376
2025-12-17,9.943044469997265,1.6689891863253337
2025-12-18,10.085771849056064,1.673983501573199
2025-12-19,10.189493382645654,1.7013104745493464
2025-12-22,10.191033235394272,1.7110884121820875
2025-12-23,10.102489432998484,1.7005954991532102
2025-12-24,10.122602951133201,1.7179469958742413
2025-12-25,10.18854067687585,1.7326885944845338
2025-12-26,10.122381273716542,1.7354290758410187
2025-12-29,10.172175728648126,1.7309464788848647
2025-12-30,10.135216737451696,1.7266417934724878
2025-12-31,10.191149947455324,1.7277138330456427
2026-01-05,10.248136581168017,1.7467835889598704
2026-01-06,10.334670680599523,1.7713262195604909
2026-01-07,10.218495654407624,1.7719979754162374
2026-01-08,10.446442260741089,1.78711420641153
2026-01-09,10.590665739889257,1.8066552062900283
2026-01-12,10.832255507517013,1.8333484619756695
2026-01-13,10.80849132580784,1.8164476461722738
2026-01-14,10.792696395860851,1.8212239655725049
2026-01-15,10.786691530909307,1.8169514986797286
2026-01-16,10.76541340651729,1.8110114140339195
2026-01-19,10.919786001443056,1.8345316028570657
2026-01-20,10.929418418299795,1.8337019087308144
2026-01-21,11.055389964893473,1.8433285681507399
2026-01-22,11.171725165178094,1.8613644179904267
2026-01-23,11.145068923777469,1.8832210619014702
2026-01-26,11.11820121882777,1.868951854204069
2026-01-27,11.072720755904973,1.8598731239525514
2026-01-28,11.010957338344083,1.8570857176757791
2026-01-29,10.999903957783951,1.8510105718403662
2026-01-30,11.150397546817645,1.8436046098475563
2026-02-02,11.104893488702928,1.8013141825826757
2026-02-03,11.3263191839237,1.8348550926900764
2026-02-04,11.387390208356365,1.851959819550977
2026-02-05,11.403901843476099,1.8389010555293697
2026-02-06,11.467943044986573,1.842699349426431
2026-02-09,11.566419177847553,1.869463769673813
2026-02-10,11.569718033773674,1.8697172805041347
2026-02-11,11.490554272334714,1.8691141644614928
2026-02-12,11.389263566349078,1.8620083744116627
2026-02-13,11.437889692904537,1.8465946022237152
2026-02-24,11.556446061676002,1.876440570462159
2026-02-25,11.536883271378379,1.8963220079304322
2026-02-26,11.478044819190439,1.8977310281802842
2026-02-27,11.56724185918445,1.9128861104697987
2026-03-02,11.249749818156737,1.8878232766549499
2026-03-03,11.097442488454483,1.8367907670213512
2026-03-04,11.031377949580971,1.8248523086653887
2026-03-05,11.104563345088032,1.8433043907786577
2026-03-06,11.324156239832572,1.8722530398023565
2026-03-09,11.29163924854707,1.8578623092410813
2026-03-10,11.467364316410094,1.8817437130886512
2026-03-11,11.424786737207231,1.8847353949459429
2026-03-12,11.317203222475118,1.877019079465183
2026-03-13,11.304694973049754,1.8640123373548194
2026-03-16,11.288108964911723,1.8621932595334751
2026-03-17,11.14196846162545,1.8359555496802293
2026-03-18,11.236595104516976,1.84608555229461
2026-03-19,11.05266529980596,1.80366051936573
2026-03-20,10.817849572350541,1.7657489207196995
2026-03-23,10.608643245360645,1.680507154114815
2026-03-24,10.910428517053663,1.7357561657710086
2026-03-25,11.055701841918435,1.7717693413155151
2026-03-26,10.991963968861443,1.751193608775732
2026-03-27,11.054880953012615,1.7739167389711954
2026-03-30,11.127045222899843,1.7806525405631133
2026-03-31,11.036945392864473,1.7579151064821354
2026-04-01,11.12848451398297,1.7792463448057518
2026-04-02,11.12848451398297,1.7549964932526851
2026-04-03,11.12848451398297,1.7145160488571018
2026-04-07,11.12848451398297,1.7391223561091593
2026-04-08,11.12848451398297,1.7944271261752627
2026-04-09,11.12848451398297,1.7767744047883116
2026-04-10,11.12848451398297,1.7907211981265958
2026-04-13,11.12848451398297,1.7935792475693049
2026-04-14,11.12848451398297,1.8052815753729297
2026-04-15,11.12848451398297,1.7983943127927333
2026-04-16,11.12848451398297,1.8210055861048493
2026-04-17,11.12848451398297,1.819230670323764
2026-04-20,11.12848451398297,1.8322604164929384
2026-04-21,11.12848451398297,1.8301440228090964
2026-04-22,11.12848451398297,1.8339836622173602
2026-04-23,11.12848451398297,1.819888832605865
2026-04-24,11.12848451398297,1.8118187362766527
2026-04-27,11.12848451398297,1.8193990496015156
2026-04-28,11.12848451398297,1.80729736290461
2026-04-29,11.12848451398297,1.8306414231456916
2026-04-30,11.12848451398297,1.8326987216160848
2026-05-06,11.12848451398297,1.8546640749250365
2026-05-07,11.12848451398297,1.867748367296169
2026-05-08,11.12848451398297,1.8846491173965008
2026-05-11,11.12848451398297,1.8953442362042765
2026-05-12,10.981930433510025,1.8786880985804257
2026-05-13,10.950843593969822,1.8924577996959226
2026-05-14,10.945408336505807,1.8606153994653445
2026-05-15,10.876068969690397,1.8461433189100922
2026-05-18,10.959714161806358,1.8416690352871639
2026-05-19,10.945736097412862,1.8554153896945809
2026-05-20,10.833752565013597,1.8388880948838937
2026-05-21,10.528582952172924,1.7943418629447052
2026-05-22,10.611935365677096,1.8166293359281442
2026-05-25,10.553549365677096,1.816013938882577
2026-05-26,10.403986693189733,1.7997465637045726
2026-05-27,10.30003065490789,1.76850677231561
2026-05-28,10.27344592770754,1.774577773817018
2026-05-29,10.246183362380378,1.7526579227730412
2026-06-01,10.361047149360667,1.7778042857758438
2026-06-02,10.075662816078777,1.761416444569333
2026-06-03,9.928751727210283,1.752167537024442
2026-06-04,9.778336230662067,1.7316670649400208
2026-06-05,9.784211556917867,1.7349853414489589
2026-06-08,9.784211556917867,1.6896998276551922
2026-06-09,9.76010104118432,1.7012583022241607
2026-06-10,9.717229887360912,1.684194257080821
2026-06-11,9.635635921643656,1.6673288046417791
2026-06-12,9.75473477206938,1.6899455067245648
2026-06-15,9.593389300146027,1.7144225653006275
2026-06-16,9.557662482225776,1.7177364071156092
2026-06-17,9.4068459952178,1.7017086258203367
2026-06-18,9.375132931283057,1.689084984710508
2026-06-22,9.37933471467812,1.7013094724219904
2026-06-23,9.500777515268338,1.6998310173330784
2026-06-24,9.225663744009573,1.6749069544320012
2026-06-25,9.139961051933714,1.6533441546928895
2026-06-26,9.086804452447792,1.6138188503041582
2026-06-29,9.099838783432705,1.6147118070929611
2026-06-30,9.001357941456815,1.6211694636377463
2026-07-01,9.216078144003726,1.6563444627335475
2026-07-02,9.208206154922744,1.6543366257188061
2026-07-03,9.367770140902627,1.6730422192949952
2026-07-06,9.322030542304638,1.6608946696437508
2026-07-07,9.11160588894286,1.616840372984771
2026-07-08,9.08633637522753,1.5974905223372011
2026-07-09,9.03283437522753,1.5982576934858481
2026-07-10,9.17746137522753,1.6151506115280818
2026-07-13,9.005896375227529,1.5644087105457924
2026-07-14,9.177613357427528,1.5887773637815659
2026-07-15,9.295036357427529,1.598740855335631
2026-07-16,9.390376357427527,1.5930452987459889
2026-07-17,9.126438357427528,1.5362830719072005
2026-07-20,8.885811357427528,1.5134919419677897
2026-07-21,8.752424343089816,1.5193234361888828
2026-07-22,8.709390183991788,1.5111604801139524
2026-07-23,8.787205686504114,1.5439031230736013
2026-07-24,8.713871686504115,1.503860316433715
2026-07-27,8.782327686504114,1.5442671333031
2026-07-28,8.873918524704116,1.541622975386364
2026-07-29,9.060284524704116,1.5649997711396522
2026-07-30,9.073753524704115,1.5485465678826746
2026-07-31,9.217638524704116,1.57661010936686
2026-08-03,9.461463524704115,1.6001018784434653
2026-08-04,9.508245126004114,1.6155761973650575
2026-08-05,9.476733126004115,1.6350124926351262
2026-08-06,9.512582126004114,1.6411372835370492
2026-08-07,9.483574126004115,1.6459966161062816
2026-08-10,9.689495126004115,1.674229320608783
2026-08-11,9.666875101004115,1.6666303955937178
2026-08-12,9.696383101004114,1.685169722496372
2026-08-13,9.631645101004114,1.6671663482629457
2026-08-14,9.626186101004114,1.663569247889816
2026-08-18,9.710196060604114,1.6862849719745838
2026-08-19,9.550706060604114,1.63163108153755
2026-08-20,9.684531060604114,1.6495233127431397
2026-08-21,9.680655060604114,1.6487169663172936
2026-08-22,9.680655060604114,1.318973573053835
2026-08-24,9.730377866704114,1.5827682876646019
2026-08-25,9.835184961304115,1.606199840643603
2026-08-26,9.872728961304116,1.6150430875419397
2026-08-27,9.719884961304116,1.6279736961782685
2026-08-28,9.687581961304115,1.6390792047256637
